Title,title_year,budget,Gross,actor_1_name,actor_2_name,actor_3_name,actor_1_facebook_likes,actor_2_facebook_likes,actor_3_facebook_likes,IMDb_rating,genre_1,genre_2,genre_3,MetaCritic,Runtime,CVotes10,CVotes09,CVotes08,CVotes07,CVotes06,CVotes05,CVotes04,CVotes03,CVotes02,CVotes01,CVotesMale,CVotesFemale,CVotesU18,CVotesU18M,CVotesU18F,CVotes1829,CVotes1829M,CVotes1829F,CVotes3044,CVotes3044M,CVotes3044F,CVotes45A,CVotes45AM,CVotes45AF,CVotes1000,CVotesUS,CVotesnUS,VotesM,VotesF,VotesU18,VotesU18M,VotesU18F,Votes1829,Votes1829M,Votes1829F,Votes3044,Votes3044M,Votes3044F,Votes45A,Votes45AM,Votes45AF,Votes1000,VotesUS,VotesnUS,content_rating,Country
La La Land,2016,30000000,151101803,Ryan Gosling,Emma Stone,Amiée Conn,14000,19000,,8.2,Comedy,Drama,Music,93,128,74245,71191,64640,38831,17377,8044,3998,2839,2407,6802,157693,56713,2675,1784,868,113008,78998,32730,66058,50835,14165,15765,12148,3302,454,33360,117987,8.2,8.1,8.9,9,8.7,8.4,8.4,8.2,7.9,7.9,7.8,7.6,7.6,7.5,7.1,8.3,8.1,PG-13,USA
Zootopia,2016,150000000,341268248,Ginnifer Goodwin,Jason Bateman,Idris Elba,2800,28000,27000,8.1,Animation,Adventure,Comedy,78,108,53626,70912,102352,57261,16719,4539,1467,733,496,1386,176202,52345,2362,1641,706,119637,87499,30813,75474,61358,13034,12353,9959,2151,518,35975,122844,8,8.3,8.4,8.3,8.7,8.2,8.1,8.4,7.8,7.8,8.1,7.8,7.8,8.1,7.6,8,8,PG,USA
Lion,2016,12000000,51738905,Dev Patel,Nicole Kidman,Rooney Mara,33000,96000,9800,8.1,Biography,Drama,,69,118,23325,29830,40564,20296,5842,1669,558,309,182,493,68921,24977,702,477,220,42962,29729,12780,34297,26384,7413,9054,6714,2184,298,13478,53931,8,8.4,8.3,8.2,8.7,8.1,8,8.4,8,7.9,8.2,8,7.9,8.4,7.1,8.1,8,PG-13,Australia
Arrival,2016,47000000,100546139,Amy Adams,Jeremy Renner,Forest Whitaker,35000,5300,,8,Drama,Mystery,Sci-Fi,81,116,55533,87850,109536,65440,26913,10556,5057,3083,2194,4734,237437,46272,1943,1544,376,126301,101741,23163,111985,95005,15227,24027,20118,3440,537,42062,163774,7.9,8,8.6,8.6,8.4,8.2,8.2,8.1,7.8,7.8,7.8,7.6,7.6,7.7,7.3,8,7.9,PG-13,USA
Manchester by the Sea,2016,9000000,47695371,Casey Affleck,Michelle Williams ,Kyle Chandler,518,71000,3300,7.9,Drama,,,96,137,18191,33532,46596,29626,11879,4539,1976,1233,888,1834,92452,22834,855,681,166,55475,43467,11378,40645,32983,7053,11361,8862,2306,402,20287,65837,7.9,7.7,8.5,8.5,8.1,8,8.1,7.8,7.7,7.7,7.7,7.6,7.6,7.6,7.1,7.9,7.8,R,USA
Hell or High Water,2016,12000000,27007844,Chris Pine,Jeff Bridges,Ben Foster,19000,12000,9000,7.7,Crime,Drama,Thriller,88,102,8445,19789,45260,35212,11130,3102,932,475,233,471,88398,10427,564,519,43,41898,37112,4370,40564,36251,3817,10696,9091,1425,403,18746,57907,7.7,7.4,8.1,8.1,7.7,7.7,7.8,7.4,7.5,7.6,7.4,7.6,7.6,7.7,7.3,7.9,7.5,R,USA
Doctor Strange,2016,165000000,232641920,Benedict Cumberbatch,Chiwetel Ejiofor,Rachel McAdams,19000,,46000,7.6,Action,Adventure,Fantasy,72,115,38952,51465,102744,83322,32430,10744,3786,1854,1038,2667,202386,42203,2526,1970,540,117060,93330,22484,87961,74305,12327,17122,14163,2629,545,36644,133095,7.5,7.8,8,8,8.3,7.6,7.6,7.8,7.4,7.4,7.7,7.5,7.4,7.8,7.1,7.6,7.4,PG-13,USA
Tangled,2010,260000000,200807262,Brad Garrett,Donna Murphy,M.C. Gainey,799,553,284,7.8,Animation,Adventure,Comedy,71,124,56575,54688,97207,70947,26805,8530,3043,1396,805,1606,166088,97213,1950,1048,885,144744,81897,61390,89588,63534,24912,15318,11277,3805,622,47643,148024,7.6,8.2,7.8,7.4,8.3,7.9,7.7,8.2,7.6,7.5,8,7.7,7.6,7.9,6.9,7.9,7.7,PG,USA
The Dark Knight Rises,2012,250000000,448130642,Tom Hardy,Christian Bale,Joseph Gordon-Levitt,27000,23000,23000,8.4,Action,Thriller,,78,164,380589,341965,281426,134959,50406,20106,9589,5713,4073,11988,842343,143070,4726,4023,672,509635,425041,79826,348324,299862,43434,55689,46968,7741,840,160533,501687,8.5,8.4,8.6,8.5,8.6,8.7,8.7,8.6,8.3,8.3,8.2,7.9,7.9,7.9,7.8,8.4,8.4,PG-13,USA
Captain America: Civil War,2016,250000000,407197282,Robert Downey Jr.,Scarlett Johansson,Chris Evans,21000,19000,11000,7.9,Action,Adventure,Sci-Fi,75,147,81893,90156,117188,79377,32782,12322,5095,2994,1989,7786,264239,43818,3572,2865,683,148991,124124,23355,105069,91345,12135,19151,16351,2459,593,48777,153638,7.8,7.9,8.3,8.3,8.6,8,8,8,7.7,7.7,7.8,7.6,7.6,7.9,7.5,8.1,7.7,PG-13,USA
The Hobbit: The Desolation of Smaug,2013,225000000,258355354,Aidan Turner,Adam Brown,James Nesbitt,5000,972,773,7.9,Adventure,Fantasy,,66,161,97766,101709,153173,95756,39268,15248,6452,3519,2251,4955,343498,74772,2463,1881,567,215009,170290,42613,144473,121518,20892,27811,22820,4514,716,56067,234354,7.8,8.1,8.1,8,8.5,8,8,8.2,7.7,7.7,7.9,7.7,7.6,7.9,7.5,7.8,7.8,PG-13,USA
The Avengers,2012,220000000,623279547,Chris Hemsworth,Robert Downey Jr.,Scarlett Johansson,26000,21000,19000,8.1,Action,Sci-Fi,,69,143,260257,234203,264290,162604,67579,27957,12176,7201,4996,15528,691783,151617,4953,3767,1150,432999,343012,85465,295318,247617,43303,54282,44183,9138,842,145826,423958,8,8.2,8.2,8.2,8.5,8.1,8.1,8.3,8,8,8.1,7.9,7.9,8.1,7.4,8.3,7.9,PG-13,USA
Toy Story 3,2010,200000000,414984497,Tom Hanks,John Ratzenberger,Don Rickles,15000,1000,721,8.3,Animation,Adventure,Comedy,92,103,139773,149992,158704,88289,31291,11850,4859,2932,2119,6586,389014,98386,3202,2405,776,260519,199962,58366,169886,140253,27658,32457,26171,5806,769,105490,267692,8.3,8.3,8.2,8.3,8,8.4,8.5,8.4,8.2,8.2,8.3,8.1,8.1,8.1,8.1,8.5,8.3,G,USA
Skyfall,2012,200000000,304360277,Albert Finney,Helen McCrory,Rory Kinnear,883,563,393,7.8,Action,Adventure,Thriller,81,143,69286,105160,178610,119630,45168,16321,6682,3706,2378,5440,391158,65929,1726,1443,264,211059,175769,33140,178148,153888,21704,40529,34070,5793,802,73825,262166,7.7,7.7,8.2,8.2,7.9,7.9,7.9,7.8,7.6,7.6,7.6,7.7,7.7,7.9,7.4,8,7.6,PG-13,UK
X-Men: Days of Future Past,2014,200000000,233914986,Jennifer Lawrence,Peter Dinklage,Hugh Jackman,34000,22000,20000,8,Action,Adventure,Sci-Fi,74,132,91765,127521,183578,104658,33027,10059,3710,1903,1225,3301,370835,71008,3038,2403,614,220178,179039,39094,158607,135392,20927,26834,22460,3884,710,67889,229049,8,8.1,8.4,8.4,8.6,8.1,8.1,8.2,7.8,7.8,8,7.7,7.7,7.9,7.4,8.1,7.9,PG-13,USA
Star Trek Into Darkness,2013,190000000,228756232,Benedict Cumberbatch,Bruce Greenwood,Noel Clarke,19000,981,928,7.8,Action,Adventure,Sci-Fi,72,132,59347,81516,136088,87940,32150,11522,4862,2627,1739,3694,293195,54871,1167,919,235,139465,112847,25177,148254,127249,18897,35964,29756,5593,747,71968,181224,7.7,8,7.8,7.8,8.2,7.9,7.8,8.1,7.6,7.6,7.9,7.7,7.7,8.1,7.1,7.9,7.6,PG-13,USA
The Hobbit: An Unexpected Journey,2012,180000000,303001229,Aidan Turner,Adam Brown,James Nesbitt,5000,972,773,7.9,Adventure,Fantasy,,,169,135848,132202,191128,122538,51765,19699,8227,4588,2845,6846,445566,104340,2577,1966,593,278388,217052,58630,195765,162768,30209,37575,30484,6457,785,78375,308010,7.8,8.1,8,7.9,8.3,8,8,8.2,7.7,7.7,7.9,7.7,7.6,8,7.5,7.8,7.8,PG-13,USA
Edge of Tomorrow,2014,178000000,100189501,Tom Cruise,Lara Pulver,Noah Taylor,10000,854,509,7.9,Action,Adventure,Sci-Fi,71,113,60383,99596,175961,100724,28982,8145,2858,1368,857,1661,341199,45790,1893,1584,292,172016,148814,21495,157476,138752,16463,30965,26562,3820,691,55486,217557,7.9,7.8,8.2,8.1,8.2,8,8,7.8,7.8,7.8,7.7,7.8,7.8,7.8,7.5,8,7.8,PG-13,USA
Inside Out,2015,175000000,356454367,Amy Poehler,Mindy Kaling,Phyllis Smith,1000,767,384,8.2,Animation,Adventure,Comedy,94,95,87509,113244,119801,67153,24210,8542,3349,1872,1123,3450,244433,79081,3361,2294,1040,170056,121574,46685,108560,86312,20516,18694,14910,3416,587,48297,176446,8.2,8.2,8.4,8.4,8.3,8.3,8.3,8.3,8.1,8.1,8.1,7.9,7.9,7.9,7.6,8.2,8.1,PG,USA
Guardians of the Galaxy,2014,170000000,333130696,Bradley Cooper,Vin Diesel,Djimon Hounsou,14000,14000,3000,8.1,Action,Adventure,Sci-Fi,76,121,156606,185326,216876,127878,49009,18501,8326,4772,3243,7714,491689,101957,5154,3949,1170,288707,231018,54884,207895,176032,28924,42006,34512,6802,774,97905,296439,8,8.1,8.4,8.4,8.5,8.1,8.1,8.1,7.9,7.9,8,7.9,7.9,8,7.6,8.3,7.9,PG-13,USA
Captain America: The Winter Soldier,2014,170000000,259746958,Scarlett Johansson,Chris Evans,Hayley Atwell,19000,11000,2000,7.8,Action,Adventure,Sci-Fi,70,136,84943,103896,169440,120197,44124,14639,5571,2735,1932,5248,360615,66751,3765,2900,844,208526,170111,36456,150264,129500,18637,28922,24313,4103,720,72120,213180,7.7,7.9,8.3,8.2,8.5,7.8,7.8,7.9,7.6,7.6,7.7,7.7,7.6,7.8,7.5,8.1,7.5,PG-13,USA
Dawn of the Planet of the Apes,2014,170000000,208543795,Gary Oldman,Judy Greer,Kodi Smit-McPhee,10000,2000,884,7.6,Action,Adventure,Drama,79,130,37605,58021,112652,84789,33747,11561,4734,2392,1470,2707,250421,32032,1720,1468,236,128574,111856,15469,110394,98110,10765,21701,18794,2510,649,42877,154981,7.6,7.5,8,8,7.9,7.7,7.8,7.5,7.5,7.5,7.4,7.4,7.4,7.4,7.4,7.8,7.5,PG-13,USA
Hugo,2011,170000000,73820094,ChloÃ« Grace Moretz,Christopher Lee,Ray Winstone,17000,16000,1000,7.5,Adventure,Drama,Family,83,126,29228,40728,77893,62936,27932,11179,4664,2674,1700,3023,179655,47795,884,616,250,105814,79064,25620,93126,76098,15694,22136,17667,4065,669,39127,142850,7.5,7.6,7.8,7.8,7.6,7.7,7.7,7.7,7.4,7.4,7.4,7.5,7.5,7.6,7.4,7.7,7.5,PG,USA
Big Hero 6,2014,165000000,222487711,Damon Wayans Jr.,Daniel Henney,Abraham Benrubi,756,719,562,7.8,Animation,Action,Adventure,74,124,50311,61304,103726,65681,22389,6830,2251,1036,539,1439,187383,58731,2446,1571,855,128237,91744,35122,84098,68040,14796,13974,11304,2400,525,36702,131818,7.7,8.2,8.2,8,8.7,7.9,7.8,8.3,7.7,7.6,8,7.6,7.6,7.9,7.2,7.9,7.7,PG,USA
How to Train Your Dragon,2010,165000000,217387997,Gerard Butler,America Ferrera,Craig Ferguson,18000,953,759,8.1,Animation,Action,Adventure,74,124,103844,127521,167836,89478,26766,8277,2953,1535,1007,3091,327837,105104,2783,1940,824,232014,167259,62711,151469,120140,29483,26139,20418,5320,744,73637,244365,8.1,8.4,8,7.9,8.3,8.3,8.2,8.5,8,8,8.4,7.9,7.9,8.2,7.4,8.1,8.1,PG,USA
Wreck-It Ralph,2012,165000000,189412677,Jack McBrayer,Sarah Silverman,Joe Lo Truglio,975,931,833,7.7,Animation,Adventure,Comedy,72,124,41980,50262,96477,67934,24894,7748,2724,1190,703,1226,190983,50202,1663,1182,467,120962,90759,29003,90203,74767,14148,13706,11356,2112,614,44962,129487,7.7,7.8,7.9,7.9,8,7.9,7.9,7.9,7.6,7.6,7.7,7.4,7.4,7.5,7.2,7.9,7.6,PG,USA
Interstellar,2014,165000000,187991439,Matthew McConaughey,Anne Hathaway,Mackenzie Foy,11000,11000,6000,8.6,Adventure,Drama,Sci-Fi,74,169,394006,291172,199884,103323,40514,17423,8657,5592,4113,10530,682280,128771,5735,4596,1104,414718,338261,72554,273267,232939,36187,52157,43831,7337,730,99615,415283,8.6,8.4,8.9,8.9,8.8,8.8,8.9,8.6,8.4,8.4,8.2,7.9,7.9,7.7,7.9,8.4,8.5,PG-13,USA
Inception,2010,160000000,292568851,Leonardo DiCaprio,Tom Hardy,Joseph Gordon-Levitt,29000,27000,23000,8.8,Action,Adventure,Sci-Fi,74,148,584839,485218,304457,130972,46393,20595,10050,6631,5243,15365,1044318,239796,5678,4462,1184,655187,512411,136770,472680,392845,73555,79634,65508,12795,885,212524,707266,8.8,8.7,9.1,9.1,9,9,9,8.8,8.7,8.7,8.5,8.1,8.1,8,8.2,8.7,8.8,PG-13,USA
X-Men: First Class,2011,160000000,146405371,Jennifer Lawrence,Michael Fassbender,Oliver Platt,34000,13000,1000,7.8,Action,Adventure,Sci-Fi,65,132,64428,96219,200144,129352,41945,12861,4799,2349,1448,3182,382107,80444,2075,1612,443,223309,176821,44428,185909,157332,26094,30217,25051,4691,780,87542,257681,7.7,7.9,8,7.9,8.3,7.9,7.9,8,7.7,7.6,7.8,7.6,7.5,7.7,7.3,7.8,7.7,PG-13,USA
Mad Max: Fury Road,2015,150000000,153629485,Tom Hardy,Charlize Theron,ZoÃ« Kravitz,27000,9000,943,8.1,Action,Adventure,Sci-Fi,90,120,136194,158403,163494,97218,42636,19505,9932,6743,4930,10516,424435,69670,3159,2682,456,238202,198026,37751,183637,159520,21373,34848,29980,4209,726,73080,267084,8.1,7.9,8.5,8.6,8.4,8.3,8.3,8.1,8,8,7.8,7.5,7.5,7.2,8,8.2,8,R,Australia
How to Train Your Dragon 2,2014,145000000,176997107,Gerard Butler,Djimon Hounsou,America Ferrera,18000,3000,953,7.9,Animation,Action,Adventure,76,124,42636,45890,74727,49766,17632,5547,1936,897,586,1373,147074,45334,1714,1158,544,106062,77742,27287,61623,49351,11407,10008,7813,2009,487,27102,103921,7.8,8.1,8.1,7.9,8.4,8,7.9,8.2,7.6,7.5,7.9,7.6,7.5,7.9,7.2,7.8,7.7,PG,USA
The Revenant,2015,135000000,183635922,Leonardo DiCaprio,Tom Hardy,Lukas Haas,29000,27000,733,8,Adventure,Drama,Thriller,76,156,79977,121229,158019,91154,33492,12837,5571,3386,2320,4570,323938,61051,2619,2141,458,186003,152198,31926,138923,118140,18699,28582,23782,4269,624,51493,213741,8,7.9,8.5,8.5,8.2,8.1,8.2,7.9,7.9,7.9,7.7,7.8,7.8,7.8,7.6,8.1,7.9,R,USA
The Hunger Games: Catching Fire,2013,130000000,424645577,Jennifer Lawrence,Josh Hutcherson,Sandra Ellis Lafferty,34000,14000,523,7.6,Action,Adventure,Mystery,76,146,85219,83874,150153,121748,50575,18571,7591,4094,2675,6978,307237,115421,3650,1956,1664,218884,148652,67934,140683,109976,28735,27789,21545,5771,693,68521,221430,7.4,8.1,8,7.7,8.5,7.8,7.6,8.2,7.3,7.2,7.9,7.3,7.2,7.9,6.7,7.7,7.4,PG-13,USA
The Martian,2015,108000000,228430993,Matt Damon,Donald Glover,Benedict Wong,13000,801,372,8,Adventure,Drama,Sci-Fi,80,144,75560,139593,200315,102723,31179,9930,3815,2046,1316,2907,359265,71421,3206,2543,638,200653,161765,36790,161073,136425,22228,35406,29354,5409,671,61128,239125,8,8.1,8.4,8.4,8.5,8.1,8.1,8.1,7.9,7.9,7.9,8,7.9,8.2,7.8,8.1,7.9,PG-13,USA
Gravity,2013,100000000,274084951,Phaldut Sharma,Basher Savage,Amy Warren,39,23,13,7.8,Drama,Sci-Fi,Thriller,96,91,89986,127616,169693,122275,57564,25393,12286,7868,5751,12473,427135,87618,2173,1684,468,233044,186837,43833,203844,171281,29467,44088,36531,6764,771,76797,292714,7.8,7.5,7.5,7.6,7.4,7.8,7.9,7.5,7.8,7.8,7.5,7.7,7.7,7.5,7.5,7.9,7.8,PG-13,UK
Django Unchained,2012,100000000,162804648,Leonardo DiCaprio,Christoph Waltz,Ato Essandoh,29000,11000,265,8.4,Drama,Western,,81,165,234824,339329,286911,121445,38251,14227,6469,4149,3181,8065,695211,139226,3250,2726,501,410538,332690,74006,301231,253253,43774,57463,47535,8962,816,123423,448126,8.4,8.4,8.8,8.9,8.5,8.6,8.6,8.5,8.3,8.3,8.3,8,8,8.1,7.8,8.4,8.4,R,USA
The Wolf of Wall Street,2013,100000000,116866727,Leonardo DiCaprio,Matthew McConaughey,Jon Favreau,29000,11000,4000,8.2,Biography,Comedy,Crime,75,180,171660,236650,250667,129164,46715,18682,8674,5854,4258,9689,559564,123698,3622,2842,757,360841,286627,70874,227096,189110,34712,39996,32676,6629,730,89006,366829,8.2,7.8,8.6,8.7,8,8.4,8.5,7.9,8,8.1,7.7,7.6,7.6,7.5,7.8,8.1,8.1,R,USA
Rise of the Planet of the Apes,2011,93000000,176740650,James Franco,David Oyelowo,Tyler Labine,11000,1000,779,7.6,Action,Drama,Sci-Fi,68,124,38666,61881,150351,116877,40634,13541,5252,2524,1566,2773,320581,47940,1447,1234,202,165596,139939,24111,156688,137427,17241,29985,25601,3873,746,68084,213736,7.6,7.5,7.8,7.8,7.9,7.6,7.6,7.6,7.5,7.5,7.5,7.4,7.4,7.5,7.1,7.6,7.5,PG-13,USA
The Girl with the Dragon Tattoo,2011,90000000,102515793,Robin Wright,Goran Visnjic,Joely Richardson,18000,1000,585,7.8,Crime,Drama,Mystery,71,158,42288,71561,124463,72617,23722,8041,3339,1846,1330,3369,240171,62813,426,314,105,139185,104871,32900,126724,103186,21796,26933,21558,4922,710,56794,177937,7.8,7.9,8.1,8.1,8.2,8,8,7.9,7.7,7.7,7.8,7.7,7.7,7.9,7.4,8,7.8,R,USA
The Little Prince,2015,81200000,1339152,Jeff Bridges,James Franco,Mackenzie Foy,12000,11000,6000,7.8,Animation,Adventure,Drama,70,108,7565,7321,11668,8558,3370,1162,456,227,158,293,22441,9552,226,128,96,15959,10150,5610,12174,9280,2682,1899,1496,355,198,3678,19009,7.6,8.1,8,7.8,8.2,7.9,7.8,8.2,7.6,7.5,7.9,7.5,7.4,7.9,6.6,7.7,7.7,PG,France
Shutter Island,2010,80000000,127968405,Leonardo DiCaprio,Joseph Sikora,Nellie Sciutto,29000,223,163,8.1,Mystery,Thriller,,63,138,150405,230844,278844,132349,45167,15615,7061,3780,2662,4703,570554,136360,2321,1811,494,364786,283316,78332,263273,217923,42222,43235,35277,7256,840,108244,419648,8.1,8.2,8.6,8.6,8.8,8.4,8.4,8.4,7.9,7.9,8,7.5,7.4,7.6,7.6,7.8,8.1,R,USA
Despicable Me,2010,69000000,251501645,Steve Carell,Miranda Cosgrove,Jack McBrayer,7000,2000,975,7.7,Animation,Adventure,Comedy,72,124,56474,66298,136943,102534,35207,11448,4000,1862,1024,1825,251408,91545,2241,1523,700,179397,122880,54800,123041,95843,25612,21471,16853,4293,721,57957,196751,7.6,8,7.7,7.6,7.9,7.8,7.7,8.1,7.6,7.5,7.9,7.6,7.5,7.9,7,7.6,7.6,PG,USA
Fury,2014,68000000,85707116,Brad Pitt,Logan Lerman,Jim Parrack,11000,8000,697,7.6,Action,Drama,War,64,134,36753,54703,111271,82505,30231,10553,4303,2388,1629,3246,238800,30746,1234,1028,196,127986,110868,15886,99386,88611,9444,21524,18781,2392,548,35750,148301,7.6,7.6,8,8,8.3,7.7,7.7,7.7,7.4,7.4,7.4,7.4,7.4,7.4,6.8,7.6,7.5,R,USA
Gone Girl,2014,61000000,167735396,Patrick Fugit,Sela Ward,Emily Ratajkowski,835,812,625,8.1,Crime,Drama,Mystery,79,149,89539,177373,218018,103600,32989,11691,5285,3262,2247,5500,397571,113606,2286,1598,665,260425,193602,64291,179552,144771,32133,34696,27226,6840,689,70667,280587,8.1,8.1,8.5,8.6,8.4,8.3,8.3,8.2,7.9,8,7.9,7.7,7.7,7.7,7.6,8.1,8.1,R,USA
Les MisÃ©rables,2012,61000000,148775460,Hugh Jackman,Eddie Redmayne,Anne Hathaway,20000,13000,11000,7.6,Drama,Musical,Romance,63,158,54268,47750,63323,45160,22393,10744,5551,3484,2490,5020,141014,73591,972,502,456,112609,68687,42720,69385,49760,18632,18404,12811,5282,623,42302,112787,7.5,7.9,7.9,7.6,8.4,7.8,7.7,8,7.3,7.2,7.6,7.4,7.3,7.7,6.6,7.6,7.5,PG-13,USA
The Lego Movie,2014,60000000,257756197,Morgan Freeman,Will Ferrell,Alison Brie,11000,8000,2000,7.8,Animation,Action,Adventure,83,100,41269,50795,83773,55181,21793,8596,3680,2053,1466,2918,180122,37351,1887,1464,414,111043,89180,20677,77271,65191,11020,13346,11079,2032,579,42963,114308,7.8,7.7,8.2,8.2,7.9,7.9,8,7.7,7.6,7.6,7.5,7.4,7.4,7.4,7.2,8,7.6,PG,Australia
Scott Pilgrim vs. the World,2010,60000000,31494270,Anna Kendrick,Kieran Culkin,Ellen Wong,10000,1000,719,7.5,Action,Comedy,Romance,69,112,47292,48976,79198,59689,28452,13451,6977,4254,3069,6287,208417,45718,1022,791,221,129202,99363,28557,102986,88456,13334,14195,12157,1778,677,56559,150511,7.5,7.4,8.1,8.2,8,7.6,7.7,7.5,7.4,7.4,7.2,7.1,7.1,7,6.6,7.8,7.4,PG-13,USA
Deadpool,2016,58000000,363024263,Ryan Reynolds,Ed Skrein,Stefan Kapicic,16000,805,361,8,Action,Adventure,Comedy,65,108,147467,147966,170810,105717,41811,15510,7046,4273,3037,8538,391955,79804,4598,3601,969,232840,186139,44316,159222,135428,21521,28753,24218,4009,667,67933,241138,8,8.1,8.4,8.4,8.6,8.1,8.1,8.1,7.9,7.9,7.9,7.8,7.8,7.9,7.3,8.1,7.9,R,USA
Captain Phillips,2013,55000000,107100855,Tom Hanks,Chris Mulkey,Michael Chernus,15000,535,186,7.8,Biography,Drama,Thriller,83,134,37461,70216,133266,76657,21791,6099,2051,1062,707,1517,247889,41602,995,838,147,131052,110723,19092,114418,98191,14686,24670,20178,4053,633,43042,165981,7.8,7.9,8.2,8.2,8.1,8,8,7.9,7.7,7.7,7.8,7.7,7.7,8,7.4,7.8,7.8,PG-13,USA
Moneyball,2011,50000000,75605492,Philip Seymour Hoffman,Robin Wright,Brad Pitt,22000,18000,11000,7.6,Biography,Drama,Sport,87,133,20734,43329,108133,85628,27802,8094,2802,1304,778,1604,222663,34888,389,350,37,113508,97523,14950,112429,96552,14345,21998,17897,3726,645,55437,146951,7.6,7.3,8,8.1,7.6,7.7,7.8,7.3,7.5,7.5,7.2,7.5,7.5,7.5,7.1,7.8,7.5,PG-13,USA
Prisoners,2013,46000000,60962878,Hugh Jackman,Jake Gyllenhaal,Dylan Minnette,20000,15000,1000,8.1,Crime,Drama,Mystery,74,153,57400,110853,161533,77122,20845,6515,2540,1376,897,1978,297561,59221,1332,1075,248,177661,144671,31288,132740,111870,19074,23642,19293,3934,650,48353,208355,8.1,8,8.6,8.6,8.7,8.2,8.2,8.1,7.9,7.9,7.9,7.7,7.7,7.8,7.6,8.1,8,R,USA
Argo,2012,44500000,136019448,Clea DuVall,Scoot McNairy,Tate Donovan,1000,660,650,7.7,Action,Biography,Drama,86,120,43875,89490,171495,115165,37332,12630,4992,2910,2020,6941,334838,67910,971,795,162,178794,146371,30643,163795,136391,24948,36215,28817,6752,740,70110,229137,7.7,7.9,8,8,7.8,7.8,7.8,7.9,7.7,7.6,7.8,7.7,7.7,8,7.2,8,7.6,R,USA
Lone Survivor,2013,40000000,125069696,Jerry Ferrara,Scott Elrod,Dan Bilzerian,480,449,127,7.5,Action,Biography,Drama,,121,30856,33356,68808,54195,20772,7205,2727,1409,887,2133,163657,17260,602,529,66,79483,71556,7205,71559,64441,6225,16429,14140,2027,518,32733,95220,7.5,7.7,7.9,7.9,8.3,7.7,7.7,7.8,7.3,7.3,7.6,7.5,7.4,7.8,6.8,7.8,7.3,R,USA
The Social Network,2010,40000000,96917897,Andrew Garfield,Dustin Fitzsimons,Marcella Lentz-Pope,10000,349,81,7.7,Biography,Drama,,95,120,60189,89515,161983,122694,46869,16288,6351,3284,2914,6346,351608,84711,1461,1142,309,225279,173908,49149,168440,139525,26636,28054,22588,4995,780,80615,265272,7.8,7.4,8.3,8.4,8,7.9,8,7.5,7.6,7.7,7.3,7.5,7.5,7.4,7.3,8,7.6,PG-13,USA
Bridge of Spies,2015,40000000,72306065,Tom Hanks,Mark Rylance,Amy Ryan,15000,535,423,7.6,Drama,History,Thriller,81,142,15757,32840,83322,63800,19183,5178,1657,735,419,878,152707,23978,846,732,104,76784,64810,11177,70780,61525,8196,18494,15504,2667,545,24273,105678,7.6,7.6,7.9,7.9,7.8,7.7,7.7,7.6,7.5,7.5,7.5,7.7,7.6,7.9,7.4,7.7,7.5,PG-13,USA
True Grit,2010,38000000,171031347,Matt Damon,Jeff Bridges,Bruce Green,13000,12000,538,7.6,Adventure,Drama,Western,80,110,21094,40901,91825,67175,23055,7191,2678,1305,779,1672,197105,27125,381,340,35,89394,76864,11720,104201,91807,11163,25641,21885,3369,747,53749,137672,7.7,7.6,7.8,7.8,7.5,7.7,7.7,7.6,7.6,7.6,7.5,7.7,7.7,7.7,7.3,7.9,7.6,PG-13,USA
Rush,2013,38000000,26903709,Chris Hemsworth,Olivia Wilde,Alexandra Maria Lara,26000,10000,471,8.1,Action,Biography,Drama,75,123,53667,90907,119603,57343,14948,4436,1625,803,633,1532,246354,35289,888,769,115,138327,119048,17987,105712,92487,11717,20105,17096,2660,593,30738,168519,8.1,8,8.3,8.3,8,8.3,8.3,8.2,8,8,7.9,7.8,7.8,7.8,7.1,7.9,8.1,R,UK
The Town,2010,37000000,92173235,Jeremy Renner,Jon Hamm,Owen Burke,10000,4000,206,7.6,Crime,Drama,Thriller,74,125,24170,42261,103949,83600,28025,8688,2970,1410,824,1533,226697,31345,313,271,38,113373,98021,14345,116868,102678,12897,20721,17520,2868,687,56681,156963,7.6,7.4,7.8,7.8,7.2,7.7,7.7,7.4,7.5,7.5,7.3,7.4,7.4,7.5,7,7.8,7.5,R,USA
Creed,2015,35000000,109712885,Sylvester Stallone,Phylicia Rashad,Graham McTavish,13000,597,531,7.6,Drama,Sport,,82,133,21364,28964,58237,45563,16432,5118,1655,848,464,1151,126214,13323,888,811,72,61826,55428,5778,56944,51344,4828,10691,9142,1369,474,25287,75302,7.6,7.5,8.3,8.3,8.1,7.8,7.8,7.6,7.4,7.4,7.4,7.3,7.3,7.5,7.1,7.9,7.5,PG-13,USA
Kick-Ass,2010,30000000,48043505,Elizabeth McGovern,Deborah Twiss,Michael Rispoli,553,488,385,7.7,Action,Comedy,,66,117,59740,77776,143023,103305,41417,16195,7398,4074,2842,6102,336585,57638,1314,1001,305,191541,155998,33796,164120,143952,18328,25423,22259,2756,794,75909,244929,7.7,7.5,7.9,7.9,7.9,7.7,7.7,7.5,7.7,7.7,7.5,7.6,7.7,7.4,7.1,7.8,7.7,R,UK
Sicario,2015,30000000,46875468,Edgar Arreola,Bernardo Saracino,Daniel Kaluuya,455,221,219,7.6,Action,Crime,Drama,82,121,19576,40247,85359,64633,24920,8548,3261,1669,970,1689,178321,21448,730,650,73,86373,75660,9762,84517,75208,8116,17615,15277,2011,526,30824,118922,7.6,7.3,7.8,7.8,7.2,7.7,7.7,7.3,7.5,7.6,7.2,7.6,7.6,7.4,7.2,7.8,7.6,R,USA
Straight Outta Compton,2015,28000000,161029270,Aldis Hodge,Neil Brown Jr.,R. Marcos Taylor,559,427,303,7.9,Biography,Drama,History,72,147,24527,29039,48956,26956,7959,2418,921,531,427,2286,96591,14262,760,658,95,55050,47556,6918,40331,35072,4713,7220,5880,1214,393,23736,56104,7.9,8,8.3,8.3,8.6,8,8,8,7.7,7.7,7.8,7.4,7.3,7.7,6.8,7.9,7.7,R,USA
The Big Short,2015,28000000,70235322,Ryan Gosling,Christian Bale,Charlie Talbert,33000,23000,767,7.8,Biography,Comedy,Drama,81,130,22879,48091,94303,58756,18650,6141,2253,1133,713,1415,167875,31804,982,825,147,93777,76925,15725,77242,65202,10813,16496,13532,2658,501,32587,115947,7.8,7.6,7.8,7.8,7.6,7.8,7.9,7.6,7.7,7.7,7.6,7.7,7.7,7.8,7.3,7.9,7.7,R,USA
The Help,2011,25000000,169705587,Emma Stone,Bryce Dallas Howard,Mike Vogel,15000,3000,2000,8.1,Drama,,,62,146,60811,82560,115917,57034,17268,6011,2456,1326,974,2948,173908,115762,990,507,474,136852,72944,62426,110695,72802,36317,28383,18891,9023,645,59445,157474,7.9,8.4,8.3,8.1,8.6,8.2,8,8.5,7.9,7.8,8.3,8,7.9,8.3,7,8,8,PG-13,USA
The Fighter,2010,25000000,93571803,Christian Bale,Jack McGee,Melissa McMeekin,23000,238,141,7.8,Action,Biography,Drama,79,116,27835,55315,117623,64849,17902,4969,1704,922,547,1163,220445,31021,447,388,57,119646,103848,14740,106479,93016,12203,17229,14289,2681,684,49851,153538,7.9,7.7,8.1,8.1,8.2,8,8,7.8,7.8,7.8,7.7,7.7,7.7,7.7,7.3,8,7.8,R,USA
The Grand Budapest Hotel,2014,25000000,59073773,Bill Murray,Tom Wilkinson,F. Murray Abraham,13000,1000,670,8.1,Adventure,Comedy,Drama,88,99,84258,142011,168705,88086,31632,12023,5455,3196,2204,3971,332149,96997,2083,1537,530,216106,158823,54913,153604,123255,27996,33156,26147,6375,679,58814,248067,8.1,8.2,8.6,8.6,8.5,8.2,8.2,8.3,7.9,7.9,8,7.8,7.8,7.9,7.7,8.1,8,R,USA
Warrior,2011,25000000,13651662,Tom Hardy,Frank Grillo,Kevin Dunn,27000,798,581,8.2,Action,Drama,Sport,71,140,74983,96953,106673,52972,16668,5727,2353,1205,1050,2479,270734,31075,673,583,84,153824,136536,16000,117636,105144,11019,15201,12960,1990,586,45342,176397,8.2,8.2,8.5,8.5,8.7,8.4,8.4,8.4,8,8,8,7.7,7.7,7.5,7.1,8.2,8.1,PG-13,USA
Her,2013,23000000,25556065,Scarlett Johansson,Brian Johnson,Matt Letscher,19000,128,105,8,Drama,Romance,Sci-Fi,90,126,61098,95920,117761,67804,27718,11647,5673,3517,2464,4841,252724,72611,1193,851,330,167097,123183,42078,119227,95815,21544,21741,17515,3770,612,48466,188937,8,7.8,8.5,8.6,8,8.2,8.2,7.9,7.8,7.8,7.6,7.4,7.4,7,7.3,8.1,7.9,R,USA
Silver Linings Playbook,2012,21000000,132088910,Jennifer Lawrence,Robert De Niro,Bradley Cooper,34000,22000,14000,7.8,Comedy,Drama,Romance,81,122,73783,107247,184382,123467,46614,17257,6997,3682,2457,4470,338051,131000,1548,875,660,236404,160001,73922,170543,129880,38160,32839,24722,7550,733,79953,259084,7.8,7.7,8.1,8.1,8.1,7.9,7.9,7.7,7.6,7.7,7.6,7.6,7.6,7.7,6.9,8,7.6,R,USA
12 Years a Slave,2013,20000000,56667870,QuvenzhanÃ© Wallis,Scoot McNairy,Taran Killam,2000,660,500,8.1,Biography,Drama,History,96,134,75556,126223,161460,83070,27231,9603,4021,2420,1785,4739,313823,82012,1837,1363,457,200910,153669,45301,138762,112943,23895,29252,23072,5726,664,53328,224519,8.1,8.1,8.4,8.4,8.5,8.2,8.2,8.2,8,7.9,8,7.8,7.8,8.1,7.7,8.3,8,R,USA
Spotlight,2015,20000000,44988180,Billy Crudup,Jamey Sheridan,Brian d'Arcy James,745,168,77,8.1,Crime,Drama,History,93,128,35421,72285,100793,49236,13488,4034,1365,698,517,1388,173290,43313,1197,961,223,104770,81050,22603,79398,64865,13310,17981,14134,3485,568,33235,125291,8.1,8.1,8.3,8.3,8.4,8.2,8.2,8.2,8,8,8,8.1,8,8.4,7.5,8.3,8,R,USA
The Book Thief,2013,19000000,21483154,Emily Watson,Sophie NÃ©lisse,Roger Allam,876,526,326,7.6,Drama,War,,,131,15911,17607,32570,24461,10274,3848,1387,726,342,755,59365,29422,481,206,270,41094,24058,16590,32014,23730,7792,10218,7635,2406,378,10845,52519,7.4,7.9,8,7.6,8.5,7.7,7.6,8,7.3,7.2,7.7,7.6,7.5,8,6.6,7.6,7.5,PG-13,USA
Birdman or (The Unexpected Virtue of Ignorance),2014,18000000,42335698,Emma Stone,Naomi Watts,Merritt Wever,15000,6000,529,7.8,Comedy,Drama,,88,119,60209,94476,121637,80828,38373,19161,10116,6750,5378,11807,292808,63310,1891,1538,334,178850,142244,34666,129547,108049,19457,26016,21166,4329,656,52288,203731,7.8,7.5,8.5,8.6,7.9,8,8.1,7.7,7.6,7.6,7.3,7.2,7.3,7,7.1,7.9,7.7,R,USA
127 Hours,2010,18000000,18329466,James Franco,Treat Williams,Kate Burton,11000,642,223,7.6,Adventure,Biography,Drama,82,94,28939,44110,98845,78451,28394,9403,3796,1930,1161,2059,212866,44600,745,567,170,133336,106007,26152,102120,86609,14304,14895,12400,2261,649,38478,169745,7.6,7.6,7.9,7.9,7.9,7.7,7.8,7.7,7.5,7.5,7.5,7.3,7.3,7.5,7,7.7,7.6,R,USA
Midnight in Paris,2011,17000000,56816662,Kurt Fuller,Audrey Fleurot,Nina Arianda,617,204,183,7.7,Comedy,Fantasy,Romance,81,124,37002,56920,103006,72777,29887,12268,5169,2764,1789,2901,195745,81470,542,333,204,133114,85896,45730,111940,83675,26488,23907,18272,5211,642,46033,172245,7.7,7.6,8,8.1,7.7,7.8,7.9,7.7,7.5,7.5,7.5,7.6,7.6,7.8,7.1,7.8,7.6,PG-13,Spain
Moonrise Kingdom,2012,16000000,45507053,Bruce Willis,Bill Murray,Bob Balaban,13000,13000,559,7.8,Adventure,Comedy,Drama,84,94,34789,53660,82864,50730,19378,7682,3443,1949,1340,2407,164811,53362,699,503,189,101334,71073,29082,89676,70995,17363,19062,14894,3822,637,48041,125272,7.8,7.9,8.3,8.3,8.2,8,8,8,7.6,7.6,7.7,7.5,7.5,7.6,7.2,8,7.7,PG-13,USA
The King's Speech,2010,15000000,138795342,Colin Firth,Jennifer Ehle,Derek Jacobi,14000,1000,520,8,Biography,Drama,,88,118,69976,129146,187772,100984,31083,10120,3991,2090,1385,3702,339153,108830,1150,827,311,212048,152316,57515,175900,137753,35664,41655,31784,9171,758,72154,272059,8,8.3,8.2,8.2,8.2,8.1,8.1,8.3,7.9,7.9,8.2,8.1,8,8.5,7.7,8.2,8,R,UK
The Artist,2011,15000000,44667095,BÃ©rÃ©nice Bejo,Ed Lauter,Beth Grant,996,897,628,7.9,Comedy,Drama,Romance,89,100,31192,45532,61088,35456,13521,5549,2569,1561,1248,3627,133682,40741,363,269,92,78061,56575,20653,72326,56949,14301,19149,15042,3773,630,32063,109571,7.9,8.1,8,8,8.3,8.1,8.1,8.2,7.8,7.8,8,7.8,7.8,8.1,7.1,8,7.9,PG-13,France
The Theory of Everything,2014,15000000,35887263,Eddie Redmayne,Emily Watson,Simon McBurney,13000,876,149,7.7,Biography,Drama,Romance,72,123,36339,53814,104625,75080,23057,7013,2307,1075,575,1277,174408,67669,1668,945,698,128871,86550,40915,79860,61623,17002,17231,13186,3737,547,27641,140414,7.6,8,8.1,7.9,8.5,7.8,7.8,8.1,7.5,7.5,7.7,7.6,7.6,7.8,6.9,7.5,7.6,PG-13,UK
Drive,2011,15000000,35054909,Ryan Gosling,Albert Brooks,Russ Tamblyn,33000,745,228,7.8,Crime,Drama,,78,100,74421,96998,130187,82653,38557,17321,9132,5694,4114,8576,336319,64201,862,711,143,183472,149002,32549,176080,148869,24691,27894,23441,3905,737,70338,247150,7.9,7.6,8.5,8.5,7.9,7.9,8,7.6,7.7,7.8,7.5,7.4,7.4,7.4,7.6,8,7.8,R,USA
Ex Machina,2014,15000000,25440971,Elina Alminas,Sonoya Mizuno,Corey Johnson,149,145,123,7.7,Drama,Mystery,Sci-Fi,78,108,29780,64769,123938,82736,28662,9579,3806,1951,1165,2182,237599,41160,1154,899,242,126754,103143,22173,113021,97929,13354,23940,20773,2697,611,42556,164526,7.8,7.5,8,8.1,7.8,7.9,7.9,7.6,7.6,7.6,7.4,7.6,7.6,7.4,7.5,7.9,7.7,R,UK
The Imitation Game,2014,14000000,91121452,Benedict Cumberbatch,Rory Kinnear,Allen Leech,19000,393,305,8.1,Biography,Drama,Thriller,73,114,80221,137855,187223,94784,25801,7553,2625,1311,824,2307,328283,92724,2703,1895,783,218870,163084,53533,141013,113989,24842,31492,24954,5984,637,48944,238440,8,8.3,8.5,8.3,8.8,8.2,8.1,8.4,7.8,7.8,8.1,8,7.9,8.3,7.3,8,8,PG-13,UK
Flipped,2010,14000000,1752214,Madeline Carroll,Rebecca De Mornay,Aidan Quinn,1000,872,767,7.7,Comedy,Drama,Romance,,124,11354,11050,20808,14372,5412,1848,664,321,230,402,33714,22540,320,108,207,32475,16916,15217,18576,12982,5338,3399,2616,721,275,7362,36050,7.6,7.9,8,7.6,8.3,7.9,7.8,8,7.5,7.5,7.7,7.4,7.3,7.6,6.4,7.5,7.7,PG,USA
Black Swan,2010,13000000,106952327,Natalie Portman,Mila Kunis,Mark Margolis,20000,15000,1000,8,Drama,Thriller,,79,108,93798,136615,174500,97826,40319,16993,9084,6065,3981,8726,356707,143077,1112,583,516,244970,159567,82856,204465,156163,45352,35111,27022,7459,802,86552,306578,8,8,8.5,8.6,8.4,8.1,8.1,8.1,7.9,7.9,8,7.5,7.5,7.4,7.6,8,8,R,USA
The Perks of Being a Wallflower,2012,13000000,17738570,Logan Lerman,Ezra Miller,Kate Walsh,8000,3000,850,8,Drama,Romance,,67,102,78615,85725,110727,64343,24268,8739,3881,2015,1324,3037,202178,108832,1980,807,1147,187119,112011,73101,89339,65550,22467,15562,11607,3660,572,48654,173536,8,8.1,8.4,8.3,8.5,8.1,8.1,8.2,7.8,7.8,7.8,7.7,7.7,7.7,7,8.1,7.9,PG-13,USA
The Fault in Our Stars,2014,12000000,124868837,Shailene Woodley,Sam Trammell,Nat Wolff,8000,1000,733,7.8,Drama,Romance,,69,126,62666,51004,70457,49770,21628,8843,3907,2173,1560,4271,128951,83384,2833,897,1910,127407,71749,54368,55300,38826,15674,10189,7180,2836,426,26518,110065,7.7,7.9,8.1,7.5,8.5,7.8,7.8,8,7.6,7.6,7.8,7.6,7.5,7.7,6.8,7.6,7.7,PG-13,USA
Philomena,2013,12000000,37707719,Steve Coogan,Mare Winningham,Peter Hermann,1000,482,322,7.6,Biography,Drama,,77,98,6420,12446,30264,22752,6670,1743,599,293,163,506,49275,20366,151,102,44,25522,16846,8377,29308,21323,7568,11825,8544,3079,436,12916,42480,7.6,7.7,7.8,7.7,8,7.6,7.6,7.7,7.6,7.5,7.7,7.8,7.7,7.9,7.1,7.7,7.6,PG-13,UK
Nebraska,2013,12000000,17613460,Devin Ratray,Bruce Dern,Will Forte,1000,844,622,7.7,Adventure,Comedy,Drama,86,115,8377,17556,35402,22938,7672,2578,993,535,372,638,70069,13162,154,128,23,33708,28004,5354,35361,29899,4966,11142,8910,2028,458,18237,48960,7.7,7.7,8,8,7.5,7.8,7.9,7.8,7.7,7.7,7.7,7.7,7.7,7.9,7.3,7.8,7.7,R,USA
About Time,2013,12000000,15294553,Tom Hughes,Tom Hollander,Lindsay Duncan,565,555,171,7.8,Comedy,Drama,Fantasy,,123,38556,43170,70850,45487,16542,5673,2210,1084,664,1182,126718,58098,654,325,321,92940,57778,34126,67477,50212,16222,13973,10690,3026,475,20450,111670,7.8,7.9,8.2,8.1,8.3,8,8,8,7.6,7.6,7.7,7.6,7.5,7.8,6.9,7.8,7.7,R,UK
Amour,2012,8900000,225377,Isabelle Huppert,Emmanuelle Riva,Jean-Louis Trintignant,678,432,319,7.9,Drama,Romance,,94,127,11093,15944,22942,14187,5945,2585,1188,710,534,995,49808,16719,121,95,24,28593,20107,8167,28691,21990,6269,7425,5803,1490,391,7959,46138,7.8,7.9,8.6,8.7,8.5,8,8,7.9,7.7,7.7,7.9,7.9,7.8,8.1,7.2,7.9,7.8,PG-13,France
Nightcrawler,2014,8500000,32279955,Jake Gyllenhaal,Michael Papajohn,James Huang,15000,241,85,7.9,Crime,Drama,Thriller,76,118,30873,66834,130676,77067,22511,6698,2538,1243,790,1503,235721,38888,1273,1077,186,139458,116782,21181,101467,87631,12407,17889,15053,2504,584,41811,160134,7.9,7.7,8.4,8.5,8.2,8,8,7.7,7.7,7.7,7.5,7.7,7.7,7.7,7.8,8,7.8,R,USA
50/50,2011,8000000,34963967,Joseph Gordon-Levitt,Anna Kendrick,Bryce Dallas Howard,23000,10000,3000,7.7,Comedy,Drama,Romance,72,100,28304,47501,99524,71485,24252,7545,2381,1109,634,1202,188925,58348,506,348,153,132350,96269,34765,94745,75394,18163,12829,9912,2681,555,46947,147849,7.7,7.7,7.9,7.9,7.9,7.8,7.8,7.7,7.6,7.6,7.6,7.4,7.4,7.5,7,7.9,7.6,R,USA
End of Watch,2012,7000000,40983001,Jake Gyllenhaal,Anna Kendrick,America Ferrera,15000,10000,953,7.7,Crime,Drama,Thriller,68,109,20733,32267,68590,46486,15489,5370,2235,1186,805,1521,147679,17678,261,235,22,70095,62195,7250,73097,64952,7265,13479,11530,1719,537,32761,94643,7.6,7.6,7.9,7.9,7.8,7.8,7.8,7.7,7.5,7.5,7.5,7.4,7.4,7.5,6.5,7.7,7.6,R,USA
Dallas Buyers Club,2013,5000000,27296514,Matthew McConaughey,Jennifer Garner,Denis O'Hare,11000,3000,896,8,Biography,Drama,,84,117,37544,82276,145488,66156,16777,4582,1721,870,654,1588,231258,63266,864,650,205,145018,110493,32974,110555,88233,20687,22093,16963,4743,598,42222,173002,7.9,8.1,8.2,8.2,8.1,8.1,8.1,8.1,7.8,7.8,8,7.8,7.8,8,7.2,8,7.9,R,USA
Boyhood,2014,4000000,25359200,Ellar Coltrane,Lorelei Linklater,Libby Villari,230,193,127,7.9,Drama,,,100,165,49673,62055,76838,52238,23789,10431,4906,3071,2248,5086,183807,51558,1393,995,381,123006,92639,29076,81594,65261,15118,17881,13995,3567,559,36433,134679,8,7.7,8.1,8.1,8,8.1,8.1,7.8,7.8,7.8,7.6,7.7,7.7,7.7,7.2,8,7.9,R,USA
Whiplash,2014,3300000,13092000,J.K. Simmons,Melissa Benoist,Chris Mulkey,24000,970,535,8.5,Drama,Music,,88,107,110404,161864,132656,56007,16577,6031,2937,1859,1263,2723,308900,71066,2878,2200,660,205839,161853,41944,123712,102839,19018,23345,19072,3812,590,49868,213952,8.5,8.4,9,9.1,8.9,8.6,8.7,8.5,8.3,8.3,8.2,8.1,8.1,8.2,8,8.6,8.4,R,USA
Before Midnight,2013,3000000,8114507,Seamus Davey-Fitzpatrick,Ariane Labed,Athina Rachel Tsangari,140,63,48,7.9,Drama,Romance,,94,109,16953,22109,31439,19251,8142,3412,1649,1033,826,1745,67076,23823,208,138,66,43312,30016,12857,37072,28401,8189,7479,5891,1470,447,12382,59116,7.9,7.8,8.1,8.3,7.4,8.1,8.2,7.9,7.8,7.8,7.6,7.3,7.4,7.2,7,8,7.9,R,USA
Star Wars: Episode VII - The Force Awakens,2015,245000000,936662225,Doug Walker,Rob Walker,0,131,12,0,8.1,Action,Adventure,Fantasy,81,136,155391,161810,166378,99402,40734,18060,8751,5970,4489,15768,425971,68664,4722,3919,768,220467,183671,34366,187138,162918,21362,42942,36441,5729,712,85141,250769,8,8.3,8.5,8.5,8.6,8.2,8.2,8.3,8,7.9,8.2,7.9,7.8,8.2,7.7,8.2,7.9,PG-13,USA
Harry Potter and the Deathly Hallows: Part I,2010,150000000,296347721,Rupert Grint,Toby Jones,Alfred Enoch,10000,2000,1000,7.7,Adventure,Family,Fantasy,65,146,68937,54947,102488,80465,31205,11792,4808,2454,1617,4522,223868,79506,1967,1310,638,178871,126052,51112,94328,73103,20145,18077,14073,3750,734,56139,180885,7.5,8.2,8.1,7.9,8.6,7.9,7.7,8.3,7.4,7.3,8.1,7.4,7.3,8,6.7,7.9,7.5,PG-13,UK
Tucker and Dale vs Evil,2010,5000000,223838,Katrina Bowden,Tyler Labine,Chelan Simmons,948,779,440,7.6,Comedy,Horror,,65,124,16572,19818,44460,35863,13456,4588,1684,855,479,848,106144,15113,219,198,20,52889,45169,7232,56379,49634,6156,8861,7645,1072,540,26213,73918,7.5,7.7,7.7,7.7,8.2,7.6,7.6,7.6,7.5,7.5,7.7,7.5,7.4,7.7,7.1,7.7,7.5,R,Canada
