time,price
2018-01-01 22:00:00+00:00,1.2012049999999999
2018-01-02 04:00:00+00:00,1.207055
2018-01-02 10:00:00+00:00,1.20444
2018-01-02 16:00:00+00:00,1.2058
2018-01-02 22:00:00+00:00,1.20469
2018-01-03 04:00:00+00:00,1.203825
2018-01-03 10:00:00+00:00,1.2023549999999998
2018-01-03 16:00:00+00:00,1.201445
2018-01-03 22:00:00+00:00,1.20145
2018-01-04 04:00:00+00:00,1.2043
2018-01-04 10:00:00+00:00,1.20744
2018-01-04 16:00:00+00:00,1.20683
2018-01-04 22:00:00+00:00,1.20747
2018-01-05 04:00:00+00:00,1.2046000000000001
2018-01-05 10:00:00+00:00,1.2036449999999999
2018-01-05 16:00:00+00:00,1.20297
2018-01-07 22:00:00+00:00,1.203265
2018-01-08 04:00:00+00:00,1.19899
2018-01-08 10:00:00+00:00,1.19753
2018-01-08 16:00:00+00:00,1.19687
2018-01-08 22:00:00+00:00,1.19719
2018-01-09 04:00:00+00:00,1.193855
2018-01-09 10:00:00+00:00,1.1929699999999999
2018-01-09 16:00:00+00:00,1.1936900000000001
2018-01-09 22:00:00+00:00,1.194185
2018-01-10 04:00:00+00:00,1.1938900000000001
2018-01-10 10:00:00+00:00,1.1983000000000001
2018-01-10 16:00:00+00:00,1.19474
2018-01-10 22:00:00+00:00,1.195365
2018-01-11 04:00:00+00:00,1.19477
2018-01-11 10:00:00+00:00,1.204915
2018-01-11 16:00:00+00:00,1.203205
2018-01-11 22:00:00+00:00,1.205165
2018-01-12 04:00:00+00:00,1.21253
2018-01-12 10:00:00+00:00,1.21482
2018-01-12 16:00:00+00:00,1.2196799999999999
2018-01-14 22:00:00+00:00,1.22001
2018-01-15 04:00:00+00:00,1.22604
2018-01-15 10:00:00+00:00,1.2259799999999998
2018-01-15 16:00:00+00:00,1.226365
2018-01-15 22:00:00+00:00,1.22573
2018-01-16 04:00:00+00:00,1.22332
2018-01-16 10:00:00+00:00,1.22296
2018-01-16 16:00:00+00:00,1.22607
2018-01-16 22:00:00+00:00,1.2267199999999998
2018-01-17 04:00:00+00:00,1.223655
2018-01-17 10:00:00+00:00,1.224275
2018-01-17 16:00:00+00:00,1.21854
2018-01-17 22:00:00+00:00,1.217985
2018-01-18 04:00:00+00:00,1.221435
2018-01-18 10:00:00+00:00,1.223915
2018-01-18 16:00:00+00:00,1.223895
2018-01-18 22:00:00+00:00,1.22667
2018-01-19 04:00:00+00:00,1.22816
2018-01-19 10:00:00+00:00,1.222085
2018-01-19 16:00:00+00:00,1.22211
2018-01-21 22:00:00+00:00,1.2229
2018-01-22 04:00:00+00:00,1.22495
2018-01-22 10:00:00+00:00,1.22537
2018-01-22 16:00:00+00:00,1.226135
2018-01-22 22:00:00+00:00,1.2257799999999999
2018-01-23 04:00:00+00:00,1.223765
2018-01-23 10:00:00+00:00,1.229295
2018-01-23 16:00:00+00:00,1.229895
2018-01-23 22:00:00+00:00,1.23143
2018-01-24 04:00:00+00:00,1.23369
2018-01-24 10:00:00+00:00,1.2380849999999999
2018-01-24 16:00:00+00:00,1.2408
2018-01-24 22:00:00+00:00,1.243145
2018-01-25 04:00:00+00:00,1.243185
2018-01-25 10:00:00+00:00,1.25039
2018-01-25 16:00:00+00:00,1.2398
2018-01-25 22:00:00+00:00,1.24294
2018-01-26 04:00:00+00:00,1.24556
2018-01-26 10:00:00+00:00,1.243295
2018-01-26 16:00:00+00:00,1.24296
2018-01-28 22:00:00+00:00,1.2415150000000001
2018-01-29 04:00:00+00:00,1.24119
2018-01-29 10:00:00+00:00,1.23563
2018-01-29 16:00:00+00:00,1.23827
2018-01-29 22:00:00+00:00,1.23785
2018-01-30 04:00:00+00:00,1.239855
2018-01-30 10:00:00+00:00,1.24103
2018-01-30 16:00:00+00:00,1.240245
2018-01-30 22:00:00+00:00,1.2423600000000001
2018-01-31 04:00:00+00:00,1.245115
2018-01-31 10:00:00+00:00,1.2456450000000001
2018-01-31 16:00:00+00:00,1.2413750000000001
2018-01-31 22:00:00+00:00,1.2424650000000002
2018-02-01 04:00:00+00:00,1.24463
2018-02-01 10:00:00+00:00,1.2469649999999999
2018-02-01 16:00:00+00:00,1.25079
2018-02-01 22:00:00+00:00,1.25001
2018-02-02 04:00:00+00:00,1.24867
2018-02-02 10:00:00+00:00,1.2435450000000001
2018-02-02 16:00:00+00:00,1.24566
2018-02-04 22:00:00+00:00,1.24549
2018-02-05 04:00:00+00:00,1.24608
2018-02-05 10:00:00+00:00,1.24199
2018-02-05 16:00:00+00:00,1.23671
2018-02-05 22:00:00+00:00,1.2367249999999999
2018-02-06 04:00:00+00:00,1.240275
2018-02-06 10:00:00+00:00,1.234445
2018-02-06 16:00:00+00:00,1.2377
2018-02-06 22:00:00+00:00,1.23859
2018-02-07 04:00:00+00:00,1.235065
2018-02-07 10:00:00+00:00,1.22934
2018-02-07 16:00:00+00:00,1.2263
2018-02-07 22:00:00+00:00,1.227515
2018-02-08 04:00:00+00:00,1.223115
2018-02-08 10:00:00+00:00,1.22598
2018-02-08 16:00:00+00:00,1.2247
2018-02-08 22:00:00+00:00,1.225705
2018-02-09 04:00:00+00:00,1.226485
2018-02-09 10:00:00+00:00,1.22486
2018-02-09 16:00:00+00:00,1.22512
2018-02-11 22:00:00+00:00,1.2287
2018-02-12 04:00:00+00:00,1.22639
2018-02-12 10:00:00+00:00,1.22772
2018-02-12 16:00:00+00:00,1.229115
2018-02-12 22:00:00+00:00,1.229195
2018-02-13 04:00:00+00:00,1.231365
2018-02-13 10:00:00+00:00,1.23583
2018-02-13 16:00:00+00:00,1.23521
2018-02-13 22:00:00+00:00,1.238985
2018-02-14 04:00:00+00:00,1.2352699999999999
2018-02-14 10:00:00+00:00,1.2402950000000001
2018-02-14 16:00:00+00:00,1.24505
2018-02-14 22:00:00+00:00,1.245935
2018-02-15 04:00:00+00:00,1.248705
2018-02-15 10:00:00+00:00,1.247755
2018-02-15 16:00:00+00:00,1.2506599999999999
2018-02-15 22:00:00+00:00,1.25392
2018-02-16 04:00:00+00:00,1.25275
2018-02-16 10:00:00+00:00,1.244785
2018-02-16 16:00:00+00:00,1.24097
2018-02-18 22:00:00+00:00,1.242105
2018-02-19 04:00:00+00:00,1.2410649999999999
2018-02-19 10:00:00+00:00,1.239735
2018-02-19 16:00:00+00:00,1.24074
2018-02-19 22:00:00+00:00,1.2385899999999999
2018-02-20 04:00:00+00:00,1.2343600000000001
2018-02-20 10:00:00+00:00,1.2340499999999999
2018-02-20 16:00:00+00:00,1.2337150000000001
2018-02-20 22:00:00+00:00,1.233035
2018-02-21 04:00:00+00:00,1.233365
2018-02-21 10:00:00+00:00,1.23194
2018-02-21 16:00:00+00:00,1.22854
2018-02-21 22:00:00+00:00,1.22774
2018-02-22 04:00:00+00:00,1.229385
2018-02-22 10:00:00+00:00,1.232175
2018-02-22 16:00:00+00:00,1.233145
2018-02-22 22:00:00+00:00,1.23069
2018-02-23 04:00:00+00:00,1.230785
2018-02-23 10:00:00+00:00,1.23001
2018-02-23 16:00:00+00:00,1.22957
2018-02-25 22:00:00+00:00,1.231025
2018-02-26 04:00:00+00:00,1.234275
2018-02-26 10:00:00+00:00,1.22896
2018-02-26 16:00:00+00:00,1.231765
2018-02-26 22:00:00+00:00,1.23242
2018-02-27 04:00:00+00:00,1.233145
2018-02-27 10:00:00+00:00,1.22389
2018-02-27 16:00:00+00:00,1.22333
2018-02-27 22:00:00+00:00,1.222365
2018-02-28 04:00:00+00:00,1.222
2018-02-28 10:00:00+00:00,1.21962
2018-02-28 16:00:00+00:00,1.219455
2018-02-28 22:00:00+00:00,1.219595
2018-03-01 04:00:00+00:00,1.2181799999999998
2018-03-01 10:00:00+00:00,1.217655
2018-03-01 16:00:00+00:00,1.2266599999999999
2018-03-01 22:00:00+00:00,1.2280250000000001
2018-03-02 04:00:00+00:00,1.22759
2018-03-02 10:00:00+00:00,1.230945
2018-03-02 16:00:00+00:00,1.23183
2018-03-04 22:00:00+00:00,1.2327
2018-03-05 04:00:00+00:00,1.2322350000000002
2018-03-05 10:00:00+00:00,1.232755
2018-03-05 16:00:00+00:00,1.233585
2018-03-05 22:00:00+00:00,1.234955
2018-03-06 04:00:00+00:00,1.234415
2018-03-06 10:00:00+00:00,1.2398
2018-03-06 16:00:00+00:00,1.240505
2018-03-06 22:00:00+00:00,1.24193
2018-03-07 04:00:00+00:00,1.2423549999999999
2018-03-07 10:00:00+00:00,1.24029
2018-03-07 16:00:00+00:00,1.241145
2018-03-07 22:00:00+00:00,1.24071
2018-03-08 04:00:00+00:00,1.238295
2018-03-08 10:00:00+00:00,1.232765
2018-03-08 16:00:00+00:00,1.231215
2018-03-08 22:00:00+00:00,1.23103
2018-03-09 04:00:00+00:00,1.230205
2018-03-09 10:00:00+00:00,1.231905
2018-03-09 16:00:00+00:00,1.23059
2018-03-11 21:00:00+00:00,1.23217
2018-03-12 03:00:00+00:00,1.233425
2018-03-12 09:00:00+00:00,1.23207
2018-03-12 15:00:00+00:00,1.23347
2018-03-12 21:00:00+00:00,1.233425
2018-03-13 03:00:00+00:00,1.2334100000000001
2018-03-13 09:00:00+00:00,1.2374649999999998
2018-03-13 15:00:00+00:00,1.2390349999999999
2018-03-13 21:00:00+00:00,1.2409
2018-03-14 03:00:00+00:00,1.237515
2018-03-14 09:00:00+00:00,1.23636
2018-03-14 15:00:00+00:00,1.23678
2018-03-14 21:00:00+00:00,1.237935
2018-03-15 03:00:00+00:00,1.236505
2018-03-15 09:00:00+00:00,1.2344
2018-03-15 15:00:00+00:00,1.230475
2018-03-15 21:00:00+00:00,1.230575
2018-03-16 03:00:00+00:00,1.23183
2018-03-16 09:00:00+00:00,1.226185
2018-03-16 15:00:00+00:00,1.22895
2018-03-18 21:00:00+00:00,1.22706
2018-03-19 03:00:00+00:00,1.22798
2018-03-19 09:00:00+00:00,1.232375
2018-03-19 15:00:00+00:00,1.233535
2018-03-19 21:00:00+00:00,1.23457
2018-03-20 03:00:00+00:00,1.234645
2018-03-20 09:00:00+00:00,1.22725
2018-03-20 15:00:00+00:00,1.2241149999999998
2018-03-20 21:00:00+00:00,1.225715
2018-03-21 03:00:00+00:00,1.228015
2018-03-21 09:00:00+00:00,1.228765
2018-03-21 15:00:00+00:00,1.233755
2018-03-21 21:00:00+00:00,1.2359
2018-03-22 03:00:00+00:00,1.235655
2018-03-22 09:00:00+00:00,1.23087
2018-03-22 15:00:00+00:00,1.23013
2018-03-22 21:00:00+00:00,1.233315
2018-03-23 03:00:00+00:00,1.2336200000000002
2018-03-23 09:00:00+00:00,1.233755
2018-03-23 15:00:00+00:00,1.2352400000000001
2018-03-25 21:00:00+00:00,1.23754
2018-03-26 03:00:00+00:00,1.2392050000000001
2018-03-26 09:00:00+00:00,1.2441849999999999
2018-03-26 15:00:00+00:00,1.24451
2018-03-26 21:00:00+00:00,1.244675
2018-03-27 03:00:00+00:00,1.2429649999999999
2018-03-27 09:00:00+00:00,1.23933
2018-03-27 15:00:00+00:00,1.240275
2018-03-27 21:00:00+00:00,1.241775
2018-03-28 03:00:00+00:00,1.239725
2018-03-28 09:00:00+00:00,1.235155
2018-03-28 15:00:00+00:00,1.23079
2018-03-28 21:00:00+00:00,1.23232
2018-03-29 03:00:00+00:00,1.230685
2018-03-29 09:00:00+00:00,1.22987
2018-03-29 15:00:00+00:00,1.229985
2018-03-29 21:00:00+00:00,1.231475
2018-03-30 03:00:00+00:00,1.23285
2018-03-30 09:00:00+00:00,1.232135
2018-03-30 15:00:00+00:00,1.23241
2018-04-01 21:00:00+00:00,1.232385
2018-04-02 03:00:00+00:00,1.232905
2018-04-02 09:00:00+00:00,1.231195
2018-04-02 15:00:00+00:00,1.2301950000000001
2018-04-02 21:00:00+00:00,1.23075
2018-04-03 03:00:00+00:00,1.2317
2018-04-03 09:00:00+00:00,1.227285
2018-04-03 15:00:00+00:00,1.227065
2018-04-03 21:00:00+00:00,1.228105
2018-04-04 03:00:00+00:00,1.229225
2018-04-04 09:00:00+00:00,1.2298499999999999
2018-04-04 15:00:00+00:00,1.22777
2018-04-04 21:00:00+00:00,1.2279849999999999
2018-04-05 03:00:00+00:00,1.22669
2018-04-05 09:00:00+00:00,1.222925
2018-04-05 15:00:00+00:00,1.2239849999999999
2018-04-05 21:00:00+00:00,1.22553
2018-04-06 03:00:00+00:00,1.22355
2018-04-06 09:00:00+00:00,1.226165
2018-04-06 15:00:00+00:00,1.22811
2018-04-08 21:00:00+00:00,1.22735
2018-04-09 03:00:00+00:00,1.22801
2018-04-09 09:00:00+00:00,1.231105
2018-04-09 15:00:00+00:00,1.23209
2018-04-09 21:00:00+00:00,1.2316449999999999
2018-04-10 03:00:00+00:00,1.232515
2018-04-10 09:00:00+00:00,1.234965
2018-04-10 15:00:00+00:00,1.235595
2018-04-10 21:00:00+00:00,1.235855
2018-04-11 03:00:00+00:00,1.23772
2018-04-11 09:00:00+00:00,1.238385
2018-04-11 15:00:00+00:00,1.236745
2018-04-11 21:00:00+00:00,1.2365249999999999
2018-04-12 03:00:00+00:00,1.2345899999999999
2018-04-12 09:00:00+00:00,1.23171
2018-04-12 15:00:00+00:00,1.232605
2018-04-12 21:00:00+00:00,1.23293
2018-04-13 03:00:00+00:00,1.233485
2018-04-13 09:00:00+00:00,1.2328000000000001
2018-04-13 15:00:00+00:00,1.23306
2018-04-15 21:00:00+00:00,1.2340200000000001
2018-04-16 03:00:00+00:00,1.2364950000000001
2018-04-16 09:00:00+00:00,1.236735
2018-04-16 15:00:00+00:00,1.237915
2018-04-16 21:00:00+00:00,1.238145
2018-04-17 03:00:00+00:00,1.238545
2018-04-17 09:00:00+00:00,1.234585
2018-04-17 15:00:00+00:00,1.236975
2018-04-17 21:00:00+00:00,1.23799
2018-04-18 03:00:00+00:00,1.23594
2018-04-18 09:00:00+00:00,1.23769
2018-04-18 15:00:00+00:00,1.237415
2018-04-18 21:00:00+00:00,1.23779
2018-04-19 03:00:00+00:00,1.236645
2018-04-19 09:00:00+00:00,1.23645
2018-04-19 15:00:00+00:00,1.23451
2018-04-19 21:00:00+00:00,1.2337850000000001
2018-04-20 03:00:00+00:00,1.231465
2018-04-20 09:00:00+00:00,1.2279200000000001
2018-04-20 15:00:00+00:00,1.22884
2018-04-22 21:00:00+00:00,1.227515
2018-04-23 03:00:00+00:00,1.223865
2018-04-23 09:00:00+00:00,1.22207
2018-04-23 15:00:00+00:00,1.2208299999999999
2018-04-23 21:00:00+00:00,1.220805
2018-04-24 03:00:00+00:00,1.220285
2018-04-24 09:00:00+00:00,1.22149
2018-04-24 15:00:00+00:00,1.2233
2018-04-24 21:00:00+00:00,1.222565
2018-04-25 03:00:00+00:00,1.2203
2018-04-25 09:00:00+00:00,1.2172100000000001
2018-04-25 15:00:00+00:00,1.216075
2018-04-25 21:00:00+00:00,1.21716
2018-04-26 03:00:00+00:00,1.21712
2018-04-26 09:00:00+00:00,1.21152
2018-04-26 15:00:00+00:00,1.210325
2018-04-26 21:00:00+00:00,1.2112
2018-04-27 03:00:00+00:00,1.207145
2018-04-27 09:00:00+00:00,1.210135
2018-04-27 15:00:00+00:00,1.21303
2018-04-29 21:00:00+00:00,1.21277
2018-04-30 03:00:00+00:00,1.210405
2018-04-30 09:00:00+00:00,1.2082
2018-04-30 15:00:00+00:00,1.2079049999999998
2018-04-30 21:00:00+00:00,1.2076
2018-05-01 03:00:00+00:00,1.2033900000000002
2018-05-01 09:00:00+00:00,1.19917
2018-05-01 15:00:00+00:00,1.199205
2018-05-01 21:00:00+00:00,1.20065
2018-05-02 03:00:00+00:00,1.199935
2018-05-02 09:00:00+00:00,1.195685
2018-05-02 15:00:00+00:00,1.195055
2018-05-02 21:00:00+00:00,1.1978499999999999
2018-05-03 03:00:00+00:00,1.1985350000000001
2018-05-03 09:00:00+00:00,1.1950699999999999
2018-05-03 15:00:00+00:00,1.19889
2018-05-03 21:00:00+00:00,1.19892
2018-05-04 03:00:00+00:00,1.19629
2018-05-04 09:00:00+00:00,1.1928649999999998
2018-05-04 15:00:00+00:00,1.19619
2018-05-06 21:00:00+00:00,1.19726
2018-05-07 03:00:00+00:00,1.193115
2018-05-07 09:00:00+00:00,1.191305
2018-05-07 15:00:00+00:00,1.19228
2018-05-07 21:00:00+00:00,1.1925
2018-05-08 03:00:00+00:00,1.188855
2018-05-08 09:00:00+00:00,1.1853349999999998
2018-05-08 15:00:00+00:00,1.186435
2018-05-08 21:00:00+00:00,1.1853799999999999
2018-05-09 03:00:00+00:00,1.18564
2018-05-09 09:00:00+00:00,1.185515
2018-05-09 15:00:00+00:00,1.1851150000000001
2018-05-09 21:00:00+00:00,1.186075
2018-05-10 03:00:00+00:00,1.18737
2018-05-10 09:00:00+00:00,1.187945
2018-05-10 15:00:00+00:00,1.191565
2018-05-10 21:00:00+00:00,1.19147
2018-05-11 03:00:00+00:00,1.192145
2018-05-11 09:00:00+00:00,1.1943700000000002
2018-05-11 15:00:00+00:00,1.1941
2018-05-13 21:00:00+00:00,1.196485
2018-05-14 03:00:00+00:00,1.19843
2018-05-14 09:00:00+00:00,1.19685
2018-05-14 15:00:00+00:00,1.1926549999999998
2018-05-14 21:00:00+00:00,1.19346
2018-05-15 03:00:00+00:00,1.1919300000000002
2018-05-15 09:00:00+00:00,1.1861000000000002
2018-05-15 15:00:00+00:00,1.183735
2018-05-15 21:00:00+00:00,1.18269
2018-05-16 03:00:00+00:00,1.1836799999999998
2018-05-16 09:00:00+00:00,1.1786249999999998
2018-05-16 15:00:00+00:00,1.1808
2018-05-16 21:00:00+00:00,1.18308
2018-05-17 03:00:00+00:00,1.1814550000000001
2018-05-17 09:00:00+00:00,1.17902
2018-05-17 15:00:00+00:00,1.17941
2018-05-17 21:00:00+00:00,1.180175
2018-05-18 03:00:00+00:00,1.1806299999999998
2018-05-18 09:00:00+00:00,1.17698
2018-05-18 15:00:00+00:00,1.17694
2018-05-20 21:00:00+00:00,1.174745
2018-05-21 03:00:00+00:00,1.17415
2018-05-21 09:00:00+00:00,1.17517
2018-05-21 15:00:00+00:00,1.1791200000000002
2018-05-21 21:00:00+00:00,1.17821
2018-05-22 03:00:00+00:00,1.1808
2018-05-22 09:00:00+00:00,1.177255
2018-05-22 15:00:00+00:00,1.17779
2018-05-22 21:00:00+00:00,1.17544
2018-05-23 03:00:00+00:00,1.172925
2018-05-23 09:00:00+00:00,1.17038
2018-05-23 15:00:00+00:00,1.16972
2018-05-23 21:00:00+00:00,1.1706349999999999
2018-05-24 03:00:00+00:00,1.1738300000000002
2018-05-24 09:00:00+00:00,1.1724350000000001
2018-05-24 15:00:00+00:00,1.17194
2018-05-24 21:00:00+00:00,1.170825
2018-05-25 03:00:00+00:00,1.17273
2018-05-25 09:00:00+00:00,1.165515
2018-05-25 15:00:00+00:00,1.1649
2018-05-27 21:00:00+00:00,1.170765
2018-05-28 03:00:00+00:00,1.16783
2018-05-28 09:00:00+00:00,1.16215
2018-05-28 15:00:00+00:00,1.16239
2018-05-28 21:00:00+00:00,1.162415
2018-05-29 03:00:00+00:00,1.154295
2018-05-29 09:00:00+00:00,1.15646
2018-05-29 15:00:00+00:00,1.1538650000000001
2018-05-29 21:00:00+00:00,1.1526800000000001
2018-05-30 03:00:00+00:00,1.16114
2018-05-30 09:00:00+00:00,1.161105
2018-05-30 15:00:00+00:00,1.16642
2018-05-30 21:00:00+00:00,1.16581
2018-05-31 03:00:00+00:00,1.1720199999999998
2018-05-31 09:00:00+00:00,1.167005
2018-05-31 15:00:00+00:00,1.16941
2018-05-31 21:00:00+00:00,1.168495
2018-06-01 03:00:00+00:00,1.168185
2018-06-01 09:00:00+00:00,1.16639
2018-06-01 15:00:00+00:00,1.16591
2018-06-03 21:00:00+00:00,1.168705
2018-06-04 03:00:00+00:00,1.17095
2018-06-04 09:00:00+00:00,1.1697449999999998
2018-06-04 15:00:00+00:00,1.169855
2018-06-04 21:00:00+00:00,1.16905
2018-06-05 03:00:00+00:00,1.170465
2018-06-05 09:00:00+00:00,1.16675
2018-06-05 15:00:00+00:00,1.171845
2018-06-05 21:00:00+00:00,1.17227
2018-06-06 03:00:00+00:00,1.174245
2018-06-06 09:00:00+00:00,1.178125
2018-06-06 15:00:00+00:00,1.177435
2018-06-06 21:00:00+00:00,1.1789049999999999
2018-06-07 03:00:00+00:00,1.182125
2018-06-07 09:00:00+00:00,1.18285
2018-06-07 15:00:00+00:00,1.1799
2018-06-07 21:00:00+00:00,1.17997
2018-06-08 03:00:00+00:00,1.17642
2018-06-08 09:00:00+00:00,1.17669
2018-06-08 15:00:00+00:00,1.1769
2018-06-10 21:00:00+00:00,1.17972
2018-06-11 03:00:00+00:00,1.178425
2018-06-11 09:00:00+00:00,1.180715
2018-06-11 15:00:00+00:00,1.17845
2018-06-11 21:00:00+00:00,1.176955
2018-06-12 03:00:00+00:00,1.17945
2018-06-12 09:00:00+00:00,1.178675
2018-06-12 15:00:00+00:00,1.17436
2018-06-12 21:00:00+00:00,1.17477
2018-06-13 03:00:00+00:00,1.17441
2018-06-13 09:00:00+00:00,1.177205
2018-06-13 15:00:00+00:00,1.1793
2018-06-13 21:00:00+00:00,1.179805
2018-06-14 03:00:00+00:00,1.1825350000000001
2018-06-14 09:00:00+00:00,1.165195
2018-06-14 15:00:00+00:00,1.15677
2018-06-14 21:00:00+00:00,1.156585
2018-06-15 03:00:00+00:00,1.1593499999999999
2018-06-15 09:00:00+00:00,1.1618
2018-06-15 15:00:00+00:00,1.16089
2018-06-17 21:00:00+00:00,1.15875
2018-06-18 03:00:00+00:00,1.158975
2018-06-18 09:00:00+00:00,1.1612149999999999
2018-06-18 15:00:00+00:00,1.16232
2018-06-18 21:00:00+00:00,1.16318
2018-06-19 03:00:00+00:00,1.15543
2018-06-19 09:00:00+00:00,1.1564999999999999
2018-06-19 15:00:00+00:00,1.159165
2018-06-19 21:00:00+00:00,1.158055
2018-06-20 03:00:00+00:00,1.15578
2018-06-20 09:00:00+00:00,1.1579
2018-06-20 15:00:00+00:00,1.15761
2018-06-20 21:00:00+00:00,1.156725
2018-06-21 03:00:00+00:00,1.15195
2018-06-21 09:00:00+00:00,1.16069
2018-06-21 15:00:00+00:00,1.160285
2018-06-21 21:00:00+00:00,1.160525
2018-06-22 03:00:00+00:00,1.166895
2018-06-22 09:00:00+00:00,1.16376
2018-06-22 15:00:00+00:00,1.16574
2018-06-24 21:00:00+00:00,1.16473
2018-06-25 03:00:00+00:00,1.165905
2018-06-25 09:00:00+00:00,1.16875
2018-06-25 15:00:00+00:00,1.1703700000000001
2018-06-25 21:00:00+00:00,1.171675
2018-06-26 03:00:00+00:00,1.1672850000000001
2018-06-26 09:00:00+00:00,1.1666349999999999
2018-06-26 15:00:00+00:00,1.16465
2018-06-26 21:00:00+00:00,1.16528
2018-06-27 03:00:00+00:00,1.162765
2018-06-27 09:00:00+00:00,1.1593849999999999
2018-06-27 15:00:00+00:00,1.1554250000000001
2018-06-27 21:00:00+00:00,1.15713
2018-06-28 03:00:00+00:00,1.15549
2018-06-28 09:00:00+00:00,1.1580849999999998
2018-06-28 15:00:00+00:00,1.1569
2018-06-28 21:00:00+00:00,1.164105
2018-06-29 03:00:00+00:00,1.16491
2018-06-29 09:00:00+00:00,1.16763
2018-06-29 15:00:00+00:00,1.1684700000000001
2018-07-01 21:00:00+00:00,1.16566
2018-07-02 03:00:00+00:00,1.164365
2018-07-02 09:00:00+00:00,1.16053
2018-07-02 15:00:00+00:00,1.1639249999999999
2018-07-02 21:00:00+00:00,1.163035
2018-07-03 03:00:00+00:00,1.16596
2018-07-03 09:00:00+00:00,1.165
2018-07-03 15:00:00+00:00,1.165895
2018-07-03 21:00:00+00:00,1.16711
2018-07-04 03:00:00+00:00,1.16445
2018-07-04 09:00:00+00:00,1.16435
2018-07-04 15:00:00+00:00,1.165595
2018-07-04 21:00:00+00:00,1.1662599999999999
2018-07-05 03:00:00+00:00,1.16932
2018-07-05 09:00:00+00:00,1.1702249999999998
2018-07-05 15:00:00+00:00,1.169185
2018-07-05 21:00:00+00:00,1.168585
2018-07-06 03:00:00+00:00,1.17136
2018-07-06 09:00:00+00:00,1.175685
2018-07-06 15:00:00+00:00,1.1745700000000001
2018-07-08 21:00:00+00:00,1.176015
2018-07-09 03:00:00+00:00,1.177205
2018-07-09 09:00:00+00:00,1.175885
2018-07-09 15:00:00+00:00,1.17509
2018-07-09 21:00:00+00:00,1.1753550000000001
2018-07-10 03:00:00+00:00,1.172655
2018-07-10 09:00:00+00:00,1.17201
2018-07-10 15:00:00+00:00,1.174435
2018-07-10 21:00:00+00:00,1.1730049999999999
2018-07-11 03:00:00+00:00,1.170875
2018-07-11 09:00:00+00:00,1.172205
2018-07-11 15:00:00+00:00,1.16743
2018-07-11 21:00:00+00:00,1.16728
2018-07-12 03:00:00+00:00,1.167465
2018-07-12 09:00:00+00:00,1.16839
2018-07-12 15:00:00+00:00,1.16719
2018-07-12 21:00:00+00:00,1.16697
2018-07-13 03:00:00+00:00,1.162685
2018-07-13 09:00:00+00:00,1.16669
2018-07-13 15:00:00+00:00,1.16858
2018-07-15 21:00:00+00:00,1.16822
2018-07-16 03:00:00+00:00,1.16966
2018-07-16 09:00:00+00:00,1.170865
2018-07-16 15:00:00+00:00,1.17112
2018-07-16 21:00:00+00:00,1.170615
2018-07-17 03:00:00+00:00,1.1741700000000002
2018-07-17 09:00:00+00:00,1.1682299999999999
2018-07-17 15:00:00+00:00,1.166175
2018-07-17 21:00:00+00:00,1.16552
2018-07-18 03:00:00+00:00,1.16219
2018-07-18 09:00:00+00:00,1.16428
2018-07-18 15:00:00+00:00,1.16392
2018-07-18 21:00:00+00:00,1.16466
2018-07-19 03:00:00+00:00,1.161285
2018-07-19 09:00:00+00:00,1.1613850000000001
2018-07-19 15:00:00+00:00,1.16418
2018-07-19 21:00:00+00:00,1.16482
2018-07-20 03:00:00+00:00,1.164095
2018-07-20 09:00:00+00:00,1.170695
2018-07-20 15:00:00+00:00,1.17227
2018-07-22 21:00:00+00:00,1.173425
2018-07-23 03:00:00+00:00,1.170645
2018-07-23 09:00:00+00:00,1.17041
2018-07-23 15:00:00+00:00,1.1691
2018-07-23 21:00:00+00:00,1.168835
2018-07-24 03:00:00+00:00,1.1684350000000001
2018-07-24 09:00:00+00:00,1.1706050000000001
2018-07-24 15:00:00+00:00,1.16831
2018-07-24 21:00:00+00:00,1.16831
2018-07-25 03:00:00+00:00,1.169635
2018-07-25 09:00:00+00:00,1.167505
2018-07-25 15:00:00+00:00,1.1729699999999998
2018-07-25 21:00:00+00:00,1.17358
2018-07-26 03:00:00+00:00,1.17138
2018-07-26 09:00:00+00:00,1.16588
2018-07-26 15:00:00+00:00,1.1641599999999999
2018-07-26 21:00:00+00:00,1.1652550000000002
2018-07-27 03:00:00+00:00,1.16262
2018-07-27 09:00:00+00:00,1.165355
2018-07-27 15:00:00+00:00,1.16568
2018-07-29 21:00:00+00:00,1.16513
2018-07-30 03:00:00+00:00,1.16764
2018-07-30 09:00:00+00:00,1.17111
2018-07-30 15:00:00+00:00,1.17053
2018-07-30 21:00:00+00:00,1.17089
2018-07-31 03:00:00+00:00,1.17263
2018-07-31 09:00:00+00:00,1.170155
2018-07-31 15:00:00+00:00,1.1690749999999999
2018-07-31 21:00:00+00:00,1.16853
2018-08-01 03:00:00+00:00,1.168205
2018-08-01 09:00:00+00:00,1.16728
2018-08-01 15:00:00+00:00,1.165925
2018-08-01 21:00:00+00:00,1.16548
2018-08-02 03:00:00+00:00,1.16198
2018-08-02 09:00:00+00:00,1.161175
2018-08-02 15:00:00+00:00,1.158445
2018-08-02 21:00:00+00:00,1.15877
2018-08-03 03:00:00+00:00,1.15792
2018-08-03 09:00:00+00:00,1.15903
2018-08-03 15:00:00+00:00,1.15674
2018-08-05 21:00:00+00:00,1.15622
2018-08-06 03:00:00+00:00,1.155775
2018-08-06 09:00:00+00:00,1.15581
2018-08-06 15:00:00+00:00,1.15527
2018-08-06 21:00:00+00:00,1.156085
2018-08-07 03:00:00+00:00,1.1587399999999999
2018-08-07 09:00:00+00:00,1.1592250000000002
2018-08-07 15:00:00+00:00,1.159825
2018-08-07 21:00:00+00:00,1.1605400000000001
2018-08-08 03:00:00+00:00,1.158855
2018-08-08 09:00:00+00:00,1.160055
2018-08-08 15:00:00+00:00,1.161035
2018-08-08 21:00:00+00:00,1.1615250000000001
2018-08-09 03:00:00+00:00,1.1592850000000001
2018-08-09 09:00:00+00:00,1.1573
2018-08-09 15:00:00+00:00,1.1526299999999998
2018-08-09 21:00:00+00:00,1.15317
2018-08-10 03:00:00+00:00,1.145725
2018-08-10 09:00:00+00:00,1.143425
2018-08-10 15:00:00+00:00,1.14119
2018-08-12 21:00:00+00:00,1.13775
2018-08-13 03:00:00+00:00,1.138345
2018-08-13 09:00:00+00:00,1.141835
2018-08-13 15:00:00+00:00,1.140945
2018-08-13 21:00:00+00:00,1.14129
2018-08-14 03:00:00+00:00,1.13862
2018-08-14 09:00:00+00:00,1.137235
2018-08-14 15:00:00+00:00,1.13436
2018-08-14 21:00:00+00:00,1.13263
2018-08-15 03:00:00+00:00,1.132565
2018-08-15 09:00:00+00:00,1.1312
2018-08-15 15:00:00+00:00,1.13462
2018-08-15 21:00:00+00:00,1.13753
2018-08-16 03:00:00+00:00,1.13823
2018-08-16 09:00:00+00:00,1.139125
2018-08-16 15:00:00+00:00,1.1376249999999999
2018-08-16 21:00:00+00:00,1.13825
2018-08-17 03:00:00+00:00,1.13961
2018-08-17 09:00:00+00:00,1.14093
2018-08-17 15:00:00+00:00,1.1437599999999999
2018-08-19 21:00:00+00:00,1.142855
2018-08-20 03:00:00+00:00,1.14065
2018-08-20 09:00:00+00:00,1.143205
2018-08-20 15:00:00+00:00,1.14825
2018-08-20 21:00:00+00:00,1.15211
2018-08-21 03:00:00+00:00,1.15337
2018-08-21 09:00:00+00:00,1.151975
2018-08-21 15:00:00+00:00,1.15707
2018-08-21 21:00:00+00:00,1.15746
2018-08-22 03:00:00+00:00,1.1573799999999999
2018-08-22 09:00:00+00:00,1.1598899999999999
2018-08-22 15:00:00+00:00,1.1596350000000002
2018-08-22 21:00:00+00:00,1.155495
2018-08-23 03:00:00+00:00,1.156395
2018-08-23 09:00:00+00:00,1.157565
2018-08-23 15:00:00+00:00,1.154155
2018-08-23 21:00:00+00:00,1.15561
2018-08-24 03:00:00+00:00,1.156315
2018-08-24 09:00:00+00:00,1.1627399999999999
2018-08-24 15:00:00+00:00,1.1622
2018-08-26 21:00:00+00:00,1.16302
2018-08-27 03:00:00+00:00,1.160965
2018-08-27 09:00:00+00:00,1.16705
2018-08-27 15:00:00+00:00,1.16783
2018-08-27 21:00:00+00:00,1.16753
2018-08-28 03:00:00+00:00,1.169185
2018-08-28 09:00:00+00:00,1.171485
2018-08-28 15:00:00+00:00,1.1694849999999999
2018-08-28 21:00:00+00:00,1.16917
2018-08-29 03:00:00+00:00,1.166655
2018-08-29 09:00:00+00:00,1.16934
2018-08-29 15:00:00+00:00,1.170745
2018-08-29 21:00:00+00:00,1.1701350000000001
2018-08-30 03:00:00+00:00,1.168685
2018-08-30 09:00:00+00:00,1.165735
2018-08-30 15:00:00+00:00,1.166825
2018-08-30 21:00:00+00:00,1.16635
2018-08-31 03:00:00+00:00,1.166925
2018-08-31 09:00:00+00:00,1.163415
2018-08-31 15:00:00+00:00,1.16019
2018-09-02 21:00:00+00:00,1.15981
2018-09-03 03:00:00+00:00,1.161135
2018-09-03 09:00:00+00:00,1.162735
2018-09-03 15:00:00+00:00,1.16204
2018-09-03 21:00:00+00:00,1.1598600000000001
2018-09-04 03:00:00+00:00,1.156565
2018-09-04 09:00:00+00:00,1.155555
2018-09-04 15:00:00+00:00,1.1582949999999999
2018-09-04 21:00:00+00:00,1.16048
2018-09-05 03:00:00+00:00,1.15687
2018-09-05 09:00:00+00:00,1.162535
2018-09-05 15:00:00+00:00,1.163075
2018-09-05 21:00:00+00:00,1.16469
2018-09-06 03:00:00+00:00,1.16356
2018-09-06 09:00:00+00:00,1.163165
2018-09-06 15:00:00+00:00,1.16234
2018-09-06 21:00:00+00:00,1.161955
2018-09-07 03:00:00+00:00,1.164365
2018-09-07 09:00:00+00:00,1.158225
2018-09-07 15:00:00+00:00,1.15521
2018-09-09 21:00:00+00:00,1.155085
2018-09-10 03:00:00+00:00,1.157105
2018-09-10 09:00:00+00:00,1.160495
2018-09-10 15:00:00+00:00,1.1593749999999998
2018-09-10 21:00:00+00:00,1.15887
2018-09-11 03:00:00+00:00,1.1614550000000001
2018-09-11 09:00:00+00:00,1.158385
2018-09-11 15:00:00+00:00,1.16044
2018-09-11 21:00:00+00:00,1.1590150000000001
2018-09-12 03:00:00+00:00,1.1590150000000001
2018-09-12 09:00:00+00:00,1.16245
2018-09-12 15:00:00+00:00,1.162695
2018-09-12 21:00:00+00:00,1.16349
2018-09-13 03:00:00+00:00,1.161475
2018-09-13 09:00:00+00:00,1.167575
2018-09-13 15:00:00+00:00,1.16901
2018-09-13 21:00:00+00:00,1.16924
2018-09-14 03:00:00+00:00,1.170615
2018-09-14 09:00:00+00:00,1.166685
2018-09-14 15:00:00+00:00,1.1625
2018-09-16 21:00:00+00:00,1.163565
2018-09-17 03:00:00+00:00,1.16537
2018-09-17 09:00:00+00:00,1.16902
2018-09-17 15:00:00+00:00,1.168385
2018-09-17 21:00:00+00:00,1.1681300000000001
2018-09-18 03:00:00+00:00,1.16871
2018-09-18 09:00:00+00:00,1.170005
2018-09-18 15:00:00+00:00,1.166765
2018-09-18 21:00:00+00:00,1.1665
2018-09-19 03:00:00+00:00,1.1702599999999999
2018-09-19 09:00:00+00:00,1.166795
2018-09-19 15:00:00+00:00,1.167185
2018-09-19 21:00:00+00:00,1.168375
2018-09-20 03:00:00+00:00,1.16917
2018-09-20 09:00:00+00:00,1.1749800000000001
2018-09-20 15:00:00+00:00,1.1777600000000001
2018-09-20 21:00:00+00:00,1.178205
2018-09-21 03:00:00+00:00,1.179305
2018-09-21 09:00:00+00:00,1.1759
2018-09-21 15:00:00+00:00,1.17482
2018-09-23 21:00:00+00:00,1.173965
2018-09-24 03:00:00+00:00,1.17678
2018-09-24 09:00:00+00:00,1.178785
2018-09-24 15:00:00+00:00,1.1747049999999999
2018-09-24 21:00:00+00:00,1.17384
2018-09-25 03:00:00+00:00,1.17607
2018-09-25 09:00:00+00:00,1.17861
2018-09-25 15:00:00+00:00,1.176655
2018-09-25 21:00:00+00:00,1.1764350000000001
2018-09-26 03:00:00+00:00,1.176735
2018-09-26 09:00:00+00:00,1.1748699999999999
2018-09-26 15:00:00+00:00,1.17409
2018-09-26 21:00:00+00:00,1.174615
2018-09-27 03:00:00+00:00,1.171165
2018-09-27 09:00:00+00:00,1.16757
2018-09-27 15:00:00+00:00,1.164105
2018-09-27 21:00:00+00:00,1.1647750000000001
2018-09-28 03:00:00+00:00,1.16143
2018-09-28 09:00:00+00:00,1.1614
2018-09-28 15:00:00+00:00,1.1602700000000001
2018-09-30 21:00:00+00:00,1.159685
2018-10-01 03:00:00+00:00,1.16076
2018-10-01 09:00:00+00:00,1.15842
2018-10-01 15:00:00+00:00,1.1577950000000001
2018-10-01 21:00:00+00:00,1.15708
2018-10-02 03:00:00+00:00,1.1514799999999998
2018-10-02 09:00:00+00:00,1.155635
2018-10-02 15:00:00+00:00,1.15493
2018-10-02 21:00:00+00:00,1.1584750000000001
2018-10-03 03:00:00+00:00,1.157445
2018-10-03 09:00:00+00:00,1.1537
2018-10-03 15:00:00+00:00,1.147865
2018-10-03 21:00:00+00:00,1.1470850000000001
2018-10-04 03:00:00+00:00,1.14863
2018-10-04 09:00:00+00:00,1.15228
2018-10-04 15:00:00+00:00,1.1514099999999998
2018-10-04 21:00:00+00:00,1.150825
2018-10-05 03:00:00+00:00,1.14923
2018-10-05 09:00:00+00:00,1.15082
2018-10-05 15:00:00+00:00,1.15221
2018-10-07 21:00:00+00:00,1.15156
2018-10-08 03:00:00+00:00,1.147425
2018-10-08 09:00:00+00:00,1.147425
2018-10-08 15:00:00+00:00,1.149155
2018-10-08 21:00:00+00:00,1.149235
2018-10-09 03:00:00+00:00,1.147805
2018-10-09 09:00:00+00:00,1.146865
2018-10-09 15:00:00+00:00,1.149195
2018-10-09 21:00:00+00:00,1.15078
2018-10-10 03:00:00+00:00,1.14863
2018-10-10 09:00:00+00:00,1.153405
2018-10-10 15:00:00+00:00,1.152095
2018-10-10 21:00:00+00:00,1.156065
2018-10-11 03:00:00+00:00,1.15456
2018-10-11 09:00:00+00:00,1.155865
2018-10-11 15:00:00+00:00,1.15936
2018-10-11 21:00:00+00:00,1.16052
2018-10-12 03:00:00+00:00,1.1586750000000001
2018-10-12 09:00:00+00:00,1.15612
2018-10-12 15:00:00+00:00,1.15597
2018-10-14 21:00:00+00:00,1.15489
2018-10-15 03:00:00+00:00,1.15724
2018-10-15 09:00:00+00:00,1.15846
2018-10-15 15:00:00+00:00,1.1578849999999998
2018-10-15 21:00:00+00:00,1.15734
2018-10-16 03:00:00+00:00,1.158725
2018-10-16 09:00:00+00:00,1.1580650000000001
2018-10-16 15:00:00+00:00,1.15747
2018-10-16 21:00:00+00:00,1.156115
2018-10-17 03:00:00+00:00,1.156595
2018-10-17 09:00:00+00:00,1.15296
2018-10-17 15:00:00+00:00,1.150005
2018-10-17 21:00:00+00:00,1.15005
2018-10-18 03:00:00+00:00,1.15178
2018-10-18 09:00:00+00:00,1.14897
2018-10-18 15:00:00+00:00,1.14526
2018-10-18 21:00:00+00:00,1.14599
2018-10-19 03:00:00+00:00,1.144865
2018-10-19 09:00:00+00:00,1.149705
2018-10-19 15:00:00+00:00,1.1514199999999999
2018-10-21 21:00:00+00:00,1.1508099999999999
2018-10-22 03:00:00+00:00,1.151575
2018-10-22 09:00:00+00:00,1.1470500000000001
2018-10-22 15:00:00+00:00,1.1464699999999999
2018-10-22 21:00:00+00:00,1.146155
2018-10-23 03:00:00+00:00,1.146665
2018-10-23 09:00:00+00:00,1.14595
2018-10-23 15:00:00+00:00,1.14721
2018-10-23 21:00:00+00:00,1.14641
2018-10-24 03:00:00+00:00,1.1416300000000001
2018-10-24 09:00:00+00:00,1.1396
2018-10-24 15:00:00+00:00,1.13914
2018-10-24 21:00:00+00:00,1.1410550000000002
2018-10-25 03:00:00+00:00,1.140965
2018-10-25 09:00:00+00:00,1.1379700000000001
2018-10-25 15:00:00+00:00,1.1374849999999999
2018-10-25 21:00:00+00:00,1.136905
2018-10-26 03:00:00+00:00,1.137945
2018-10-26 09:00:00+00:00,1.13705
2018-10-26 15:00:00+00:00,1.14033
2018-10-28 21:00:00+00:00,1.139265
2018-10-29 03:00:00+00:00,1.1383100000000002
2018-10-29 09:00:00+00:00,1.138515
2018-10-29 15:00:00+00:00,1.137315
2018-10-29 21:00:00+00:00,1.138185
2018-10-30 03:00:00+00:00,1.1377899999999999
2018-10-30 09:00:00+00:00,1.1373
2018-10-30 15:00:00+00:00,1.134525
2018-10-30 21:00:00+00:00,1.1344
2018-10-31 03:00:00+00:00,1.135415
2018-10-31 09:00:00+00:00,1.132055
2018-10-31 15:00:00+00:00,1.13117
2018-10-31 21:00:00+00:00,1.13411
2018-11-01 03:00:00+00:00,1.137855
2018-11-01 09:00:00+00:00,1.14086
2018-11-01 15:00:00+00:00,1.140885
2018-11-01 21:00:00+00:00,1.139705
2018-11-02 03:00:00+00:00,1.143035
2018-11-02 09:00:00+00:00,1.14191
2018-11-02 15:00:00+00:00,1.13875
2018-11-04 22:00:00+00:00,1.138365
2018-11-05 04:00:00+00:00,1.13818
2018-11-05 10:00:00+00:00,1.139945
2018-11-05 16:00:00+00:00,1.140665
2018-11-05 22:00:00+00:00,1.14062
2018-11-06 04:00:00+00:00,1.1406
2018-11-06 10:00:00+00:00,1.14165
2018-11-06 16:00:00+00:00,1.142675
2018-11-06 22:00:00+00:00,1.146555
2018-11-07 04:00:00+00:00,1.1491500000000001
2018-11-07 10:00:00+00:00,1.147035
2018-11-07 16:00:00+00:00,1.1425450000000001
2018-11-07 22:00:00+00:00,1.14291
2018-11-08 04:00:00+00:00,1.14232
2018-11-08 10:00:00+00:00,1.1425999999999998
2018-11-08 16:00:00+00:00,1.13631
2018-11-08 22:00:00+00:00,1.134655
2018-11-09 04:00:00+00:00,1.13377
2018-11-09 10:00:00+00:00,1.1352799999999998
2018-11-09 16:00:00+00:00,1.13371
2018-11-11 22:00:00+00:00,1.13255
2018-11-12 04:00:00+00:00,1.125685
2018-11-12 10:00:00+00:00,1.125035
2018-11-12 16:00:00+00:00,1.12173
2018-11-12 22:00:00+00:00,1.12453
2018-11-13 04:00:00+00:00,1.1235050000000002
2018-11-13 10:00:00+00:00,1.12802
2018-11-13 16:00:00+00:00,1.12907
2018-11-13 22:00:00+00:00,1.130045
2018-11-14 04:00:00+00:00,1.126965
2018-11-14 10:00:00+00:00,1.13082
2018-11-14 16:00:00+00:00,1.130935
2018-11-14 22:00:00+00:00,1.133035
2018-11-15 04:00:00+00:00,1.128585
2018-11-15 10:00:00+00:00,1.1318
2018-11-15 16:00:00+00:00,1.132875
2018-11-15 22:00:00+00:00,1.133575
2018-11-16 04:00:00+00:00,1.133985
2018-11-16 10:00:00+00:00,1.1395
2018-11-16 16:00:00+00:00,1.141845
2018-11-18 22:00:00+00:00,1.140545
2018-11-19 04:00:00+00:00,1.14277
2018-11-19 10:00:00+00:00,1.14528
2018-11-19 16:00:00+00:00,1.14526
2018-11-19 22:00:00+00:00,1.1453799999999998
2018-11-20 04:00:00+00:00,1.1428
2018-11-20 10:00:00+00:00,1.14096
2018-11-20 16:00:00+00:00,1.13705
2018-11-20 22:00:00+00:00,1.13715
2018-11-21 04:00:00+00:00,1.138415
2018-11-21 10:00:00+00:00,1.13937
2018-11-21 16:00:00+00:00,1.138515
2018-11-21 22:00:00+00:00,1.139475
2018-11-22 04:00:00+00:00,1.1403400000000001
2018-11-22 10:00:00+00:00,1.140615
2018-11-22 16:00:00+00:00,1.14013
2018-11-22 22:00:00+00:00,1.141415
2018-11-23 04:00:00+00:00,1.1374499999999999
2018-11-23 10:00:00+00:00,1.1343299999999998
2018-11-23 16:00:00+00:00,1.1335899999999999
2018-11-25 22:00:00+00:00,1.133745
2018-11-26 04:00:00+00:00,1.137445
2018-11-26 10:00:00+00:00,1.134015
2018-11-26 16:00:00+00:00,1.132765
2018-11-26 22:00:00+00:00,1.133405
2018-11-27 04:00:00+00:00,1.130995
2018-11-27 10:00:00+00:00,1.12903
2018-11-27 16:00:00+00:00,1.12933
2018-11-27 22:00:00+00:00,1.129325
2018-11-28 04:00:00+00:00,1.128095
2018-11-28 10:00:00+00:00,1.12751
2018-11-28 16:00:00+00:00,1.13667
2018-11-28 22:00:00+00:00,1.13777
2018-11-29 04:00:00+00:00,1.13703
2018-11-29 10:00:00+00:00,1.13862
2018-11-29 16:00:00+00:00,1.139295
2018-11-29 22:00:00+00:00,1.13954
2018-11-30 04:00:00+00:00,1.1371099999999998
2018-11-30 10:00:00+00:00,1.13236
2018-11-30 16:00:00+00:00,1.13159
2018-12-02 22:00:00+00:00,1.13477
2018-12-03 04:00:00+00:00,1.1365750000000001
2018-12-03 10:00:00+00:00,1.1347
2018-12-03 16:00:00+00:00,1.135435
2018-12-03 22:00:00+00:00,1.13705
2018-12-04 04:00:00+00:00,1.1410650000000002
2018-12-04 10:00:00+00:00,1.1350500000000001
2018-12-04 16:00:00+00:00,1.13433
2018-12-04 22:00:00+00:00,1.132995
2018-12-05 04:00:00+00:00,1.133725
2018-12-05 10:00:00+00:00,1.134175
2018-12-05 16:00:00+00:00,1.134445
2018-12-05 22:00:00+00:00,1.134275
2018-12-06 04:00:00+00:00,1.134085
2018-12-06 10:00:00+00:00,1.138225
2018-12-06 16:00:00+00:00,1.13768
2018-12-06 22:00:00+00:00,1.137715
2018-12-07 04:00:00+00:00,1.1366450000000001
2018-12-07 10:00:00+00:00,1.13906
2018-12-07 16:00:00+00:00,1.13795
2018-12-09 22:00:00+00:00,1.143195
2018-12-10 04:00:00+00:00,1.141255
2018-12-10 10:00:00+00:00,1.137475
2018-12-10 16:00:00+00:00,1.135525
2018-12-10 22:00:00+00:00,1.13656
2018-12-11 04:00:00+00:00,1.13816
2018-12-11 10:00:00+00:00,1.13229
2018-12-11 16:00:00+00:00,1.1317949999999999
2018-12-11 22:00:00+00:00,1.1326
2018-12-12 04:00:00+00:00,1.13335
2018-12-12 10:00:00+00:00,1.13655
2018-12-12 16:00:00+00:00,1.13687
2018-12-12 22:00:00+00:00,1.13692
2018-12-13 04:00:00+00:00,1.137725
2018-12-13 10:00:00+00:00,1.134715
2018-12-13 16:00:00+00:00,1.1357650000000001
2018-12-13 22:00:00+00:00,1.13604
2018-12-14 04:00:00+00:00,1.12928
2018-12-14 10:00:00+00:00,1.129735
2018-12-14 16:00:00+00:00,1.13052
2018-12-16 22:00:00+00:00,1.13103
2018-12-17 04:00:00+00:00,1.1329349999999998
2018-12-17 10:00:00+00:00,1.133615
2018-12-17 16:00:00+00:00,1.1347550000000002
2018-12-17 22:00:00+00:00,1.13546
2018-12-18 04:00:00+00:00,1.13763
2018-12-18 10:00:00+00:00,1.13647
2018-12-18 16:00:00+00:00,1.136295
2018-12-18 22:00:00+00:00,1.13853
2018-12-19 04:00:00+00:00,1.138915
2018-12-19 10:00:00+00:00,1.14212
2018-12-19 16:00:00+00:00,1.137715
2018-12-19 22:00:00+00:00,1.138175
2018-12-20 04:00:00+00:00,1.147825
2018-12-20 10:00:00+00:00,1.141625
2018-12-20 16:00:00+00:00,1.144565
2018-12-20 22:00:00+00:00,1.1449150000000001
2018-12-21 04:00:00+00:00,1.142815
2018-12-21 10:00:00+00:00,1.14152
2018-12-21 16:00:00+00:00,1.1371799999999999
2018-12-23 22:00:00+00:00,1.13897
2018-12-24 04:00:00+00:00,1.139505
2018-12-24 10:00:00+00:00,1.1413600000000002
2018-12-24 16:00:00+00:00,1.14067
2018-12-25 22:00:00+00:00,1.1414499999999999
2018-12-26 04:00:00+00:00,1.1384400000000001
2018-12-26 10:00:00+00:00,1.14066
2018-12-26 16:00:00+00:00,1.1352250000000002
2018-12-26 22:00:00+00:00,1.13813
2018-12-27 04:00:00+00:00,1.1393900000000001
2018-12-27 10:00:00+00:00,1.1400299999999999
2018-12-27 16:00:00+00:00,1.143055
2018-12-27 22:00:00+00:00,1.1456
2018-12-28 04:00:00+00:00,1.1443
2018-12-28 10:00:00+00:00,1.1437050000000002
2018-12-28 16:00:00+00:00,1.1444800000000002
2018-12-30 22:00:00+00:00,1.143845
2018-12-31 04:00:00+00:00,1.143635
2018-12-31 10:00:00+00:00,1.143405
2018-12-31 16:00:00+00:00,1.14649
2019-01-01 22:00:00+00:00,1.14457
2019-01-02 04:00:00+00:00,1.14341
2019-01-02 10:00:00+00:00,1.13538
2019-01-02 16:00:00+00:00,1.13447
2019-01-02 22:00:00+00:00,1.136505
2019-01-03 04:00:00+00:00,1.137585
2019-01-03 10:00:00+00:00,1.13931
2019-01-03 16:00:00+00:00,1.139415
2019-01-03 22:00:00+00:00,1.1398350000000002
2019-01-04 04:00:00+00:00,1.140315
2019-01-04 10:00:00+00:00,1.14104
2019-01-04 16:00:00+00:00,1.13951
2019-01-06 22:00:00+00:00,1.14226
2019-01-07 04:00:00+00:00,1.144115
2019-01-07 10:00:00+00:00,1.14638
2019-01-07 16:00:00+00:00,1.147475
2019-01-07 22:00:00+00:00,1.14388
2019-01-08 04:00:00+00:00,1.14521
2019-01-08 10:00:00+00:00,1.144155
2019-01-08 16:00:00+00:00,1.14417
2019-01-08 22:00:00+00:00,1.145425
2019-01-09 04:00:00+00:00,1.1460650000000001
2019-01-09 10:00:00+00:00,1.151035
2019-01-09 16:00:00+00:00,1.1542599999999998
2019-01-09 22:00:00+00:00,1.156935
2019-01-10 04:00:00+00:00,1.152455
2019-01-10 10:00:00+00:00,1.15226
2019-01-10 16:00:00+00:00,1.1500249999999999
2019-01-10 22:00:00+00:00,1.152475
2019-01-11 04:00:00+00:00,1.1519949999999999
2019-01-11 10:00:00+00:00,1.147775
2019-01-11 16:00:00+00:00,1.1468699999999998
2019-01-13 22:00:00+00:00,1.14685
2019-01-14 04:00:00+00:00,1.146245
2019-01-14 10:00:00+00:00,1.14673
2019-01-14 16:00:00+00:00,1.146835
2019-01-14 22:00:00+00:00,1.14852
2019-01-15 04:00:00+00:00,1.143365
2019-01-15 10:00:00+00:00,1.143915
2019-01-15 16:00:00+00:00,1.141295
2019-01-15 22:00:00+00:00,1.1403050000000001
2019-01-16 04:00:00+00:00,1.141045
2019-01-16 10:00:00+00:00,1.13943
2019-01-16 16:00:00+00:00,1.13914
2019-01-16 22:00:00+00:00,1.13885
2019-01-17 04:00:00+00:00,1.1394
2019-01-17 10:00:00+00:00,1.138055
2019-01-17 16:00:00+00:00,1.1389200000000002
2019-01-17 22:00:00+00:00,1.139395
2019-01-18 04:00:00+00:00,1.139805
2019-01-18 10:00:00+00:00,1.136705
2019-01-18 16:00:00+00:00,1.136205
2019-01-20 22:00:00+00:00,1.13751
2019-01-21 04:00:00+00:00,1.13714
2019-01-21 10:00:00+00:00,1.13632
2019-01-21 16:00:00+00:00,1.136585
2019-01-21 22:00:00+00:00,1.136235
2019-01-22 04:00:00+00:00,1.136045
2019-01-22 10:00:00+00:00,1.135645
2019-01-22 16:00:00+00:00,1.13596
2019-01-22 22:00:00+00:00,1.1364
2019-01-23 04:00:00+00:00,1.135595
2019-01-23 10:00:00+00:00,1.13789
2019-01-23 16:00:00+00:00,1.13807
2019-01-23 22:00:00+00:00,1.13882
2019-01-24 04:00:00+00:00,1.13469
2019-01-24 10:00:00+00:00,1.1354
2019-01-24 16:00:00+00:00,1.1305
2019-01-24 22:00:00+00:00,1.1320999999999999
2019-01-25 04:00:00+00:00,1.133025
2019-01-25 10:00:00+00:00,1.139715
2019-01-25 16:00:00+00:00,1.1405699999999999
2019-01-27 22:00:00+00:00,1.141965
2019-01-28 04:00:00+00:00,1.140845
2019-01-28 10:00:00+00:00,1.14364
2019-01-28 16:00:00+00:00,1.14262
2019-01-28 22:00:00+00:00,1.142985
2019-01-29 04:00:00+00:00,1.144155
2019-01-29 10:00:00+00:00,1.141605
2019-01-29 16:00:00+00:00,1.1432799999999999
2019-01-29 22:00:00+00:00,1.143685
2019-01-30 04:00:00+00:00,1.143075
2019-01-30 10:00:00+00:00,1.14249
2019-01-30 16:00:00+00:00,1.1480000000000001
2019-01-30 22:00:00+00:00,1.150185
2019-01-31 04:00:00+00:00,1.148435
2019-01-31 10:00:00+00:00,1.147525
2019-01-31 16:00:00+00:00,1.1447349999999998
2019-01-31 22:00:00+00:00,1.14421
2019-02-01 04:00:00+00:00,1.146665
2019-02-01 10:00:00+00:00,1.146865
2019-02-01 16:00:00+00:00,1.145615
2019-02-03 22:00:00+00:00,1.14485
2019-02-04 04:00:00+00:00,1.1445349999999999
2019-02-04 10:00:00+00:00,1.14286
2019-02-04 16:00:00+00:00,1.1437599999999999
2019-02-04 22:00:00+00:00,1.143305
2019-02-05 04:00:00+00:00,1.14196
2019-02-05 10:00:00+00:00,1.1406749999999999
2019-02-05 16:00:00+00:00,1.14042
2019-02-05 22:00:00+00:00,1.13984
2019-02-06 04:00:00+00:00,1.13886
2019-02-06 10:00:00+00:00,1.1377199999999998
2019-02-06 16:00:00+00:00,1.1361750000000002
2019-02-06 22:00:00+00:00,1.13598
2019-02-07 04:00:00+00:00,1.1345100000000001
2019-02-07 10:00:00+00:00,1.1356199999999999
2019-02-07 16:00:00+00:00,1.133935
2019-02-07 22:00:00+00:00,1.134025
2019-02-08 04:00:00+00:00,1.132585
2019-02-08 10:00:00+00:00,1.132835
2019-02-08 16:00:00+00:00,1.13224
2019-02-10 22:00:00+00:00,1.1320350000000001
2019-02-11 04:00:00+00:00,1.13025
2019-02-11 10:00:00+00:00,1.127615
2019-02-11 16:00:00+00:00,1.12756
2019-02-11 22:00:00+00:00,1.12805
2019-02-12 04:00:00+00:00,1.12745
2019-02-12 10:00:00+00:00,1.1298849999999998
2019-02-12 16:00:00+00:00,1.132595
2019-02-12 22:00:00+00:00,1.13404
2019-02-13 04:00:00+00:00,1.1320700000000001
2019-02-13 10:00:00+00:00,1.12865
2019-02-13 16:00:00+00:00,1.12607
2019-02-13 22:00:00+00:00,1.128195
2019-02-14 04:00:00+00:00,1.126655
2019-02-14 10:00:00+00:00,1.127635
2019-02-14 16:00:00+00:00,1.12954
2019-02-14 22:00:00+00:00,1.128655
2019-02-15 04:00:00+00:00,1.128335
2019-02-15 10:00:00+00:00,1.126335
2019-02-15 16:00:00+00:00,1.12946
2019-02-17 22:00:00+00:00,1.131735
2019-02-18 04:00:00+00:00,1.13155
2019-02-18 10:00:00+00:00,1.13068
2019-02-18 16:00:00+00:00,1.131065
2019-02-18 22:00:00+00:00,1.12954
2019-02-19 04:00:00+00:00,1.13036
2019-02-19 10:00:00+00:00,1.1334
2019-02-19 16:00:00+00:00,1.13406
2019-02-19 22:00:00+00:00,1.1345
2019-02-20 04:00:00+00:00,1.13469
2019-02-20 10:00:00+00:00,1.1349049999999998
2019-02-20 16:00:00+00:00,1.133705
2019-02-20 22:00:00+00:00,1.13481
2019-02-21 04:00:00+00:00,1.132735
2019-02-21 10:00:00+00:00,1.134735
2019-02-21 16:00:00+00:00,1.1334300000000002
2019-02-21 22:00:00+00:00,1.133885
2019-02-22 04:00:00+00:00,1.1339899999999998
2019-02-22 10:00:00+00:00,1.133965
2019-02-22 16:00:00+00:00,1.13342
2019-02-24 22:00:00+00:00,1.13437
2019-02-25 04:00:00+00:00,1.13494
2019-02-25 10:00:00+00:00,1.134665
2019-02-25 16:00:00+00:00,1.135735
2019-02-25 22:00:00+00:00,1.136225
2019-02-26 04:00:00+00:00,1.136725
2019-02-26 10:00:00+00:00,1.1358899999999998
2019-02-26 16:00:00+00:00,1.1389200000000002
2019-02-26 22:00:00+00:00,1.13796
2019-02-27 04:00:00+00:00,1.1395
2019-02-27 10:00:00+00:00,1.13814
2019-02-27 16:00:00+00:00,1.1369500000000001
2019-02-27 22:00:00+00:00,1.137765
2019-02-28 04:00:00+00:00,1.1391049999999998
2019-02-28 10:00:00+00:00,1.13869
2019-02-28 16:00:00+00:00,1.13706
2019-02-28 22:00:00+00:00,1.136925
2019-03-01 04:00:00+00:00,1.136015
2019-03-01 10:00:00+00:00,1.1386500000000002
2019-03-01 16:00:00+00:00,1.136485
2019-03-03 22:00:00+00:00,1.136665
2019-03-04 04:00:00+00:00,1.13429
2019-03-04 10:00:00+00:00,1.13229
2019-03-04 16:00:00+00:00,1.133975
2019-03-04 22:00:00+00:00,1.13276
2019-03-05 04:00:00+00:00,1.132715
2019-03-05 10:00:00+00:00,1.1306500000000002
2019-03-05 16:00:00+00:00,1.1307749999999999
2019-03-05 22:00:00+00:00,1.129305
2019-03-06 04:00:00+00:00,1.130115
2019-03-06 10:00:00+00:00,1.131735
2019-03-06 16:00:00+00:00,1.130655
2019-03-06 22:00:00+00:00,1.13046
2019-03-07 04:00:00+00:00,1.130955
2019-03-07 10:00:00+00:00,1.1231900000000001
2019-03-07 16:00:00+00:00,1.1194000000000002
2019-03-07 22:00:00+00:00,1.11968
2019-03-08 04:00:00+00:00,1.121295
2019-03-08 10:00:00+00:00,1.12361
2019-03-08 16:00:00+00:00,1.12347
2019-03-10 21:00:00+00:00,1.123205
2019-03-11 03:00:00+00:00,1.124635
2019-03-11 09:00:00+00:00,1.124205
2019-03-11 15:00:00+00:00,1.124495
2019-03-11 21:00:00+00:00,1.12633
2019-03-12 03:00:00+00:00,1.128255
2019-03-12 09:00:00+00:00,1.1271499999999999
2019-03-12 15:00:00+00:00,1.12874
2019-03-12 21:00:00+00:00,1.1284450000000001
2019-03-13 03:00:00+00:00,1.129425
2019-03-13 09:00:00+00:00,1.1305399999999999
2019-03-13 15:00:00+00:00,1.132785
2019-03-13 21:00:00+00:00,1.1327
2019-03-14 03:00:00+00:00,1.13265
2019-03-14 09:00:00+00:00,1.130035
2019-03-14 15:00:00+00:00,1.130435
2019-03-14 21:00:00+00:00,1.132245
2019-03-15 03:00:00+00:00,1.132355
2019-03-15 09:00:00+00:00,1.1335600000000001
2019-03-15 15:00:00+00:00,1.132495
2019-03-17 21:00:00+00:00,1.133265
2019-03-18 03:00:00+00:00,1.1344750000000001
2019-03-18 09:00:00+00:00,1.1344699999999999
2019-03-18 15:00:00+00:00,1.13394
2019-03-18 21:00:00+00:00,1.134265
2019-03-19 03:00:00+00:00,1.1354549999999999
2019-03-19 09:00:00+00:00,1.135015
2019-03-19 15:00:00+00:00,1.13507
2019-03-19 21:00:00+00:00,1.134755
2019-03-20 03:00:00+00:00,1.134305
2019-03-20 09:00:00+00:00,1.13572
2019-03-20 15:00:00+00:00,1.141275
2019-03-20 21:00:00+00:00,1.142795
2019-03-21 03:00:00+00:00,1.139865
2019-03-21 09:00:00+00:00,1.13714
2019-03-21 15:00:00+00:00,1.1375350000000002
2019-03-21 21:00:00+00:00,1.1374
2019-03-22 03:00:00+00:00,1.130335
2019-03-22 09:00:00+00:00,1.127885
2019-03-22 15:00:00+00:00,1.1301350000000001
2019-03-24 21:00:00+00:00,1.1296249999999999
2019-03-25 03:00:00+00:00,1.130865
2019-03-25 09:00:00+00:00,1.132155
2019-03-25 15:00:00+00:00,1.1312799999999998
2019-03-25 21:00:00+00:00,1.131685
2019-03-26 03:00:00+00:00,1.13068
2019-03-26 09:00:00+00:00,1.129755
2019-03-26 15:00:00+00:00,1.126565
2019-03-26 21:00:00+00:00,1.125705
2019-03-27 03:00:00+00:00,1.127575
2019-03-27 09:00:00+00:00,1.125215
2019-03-27 15:00:00+00:00,1.1244049999999999
2019-03-27 21:00:00+00:00,1.12553
2019-03-28 03:00:00+00:00,1.125225
2019-03-28 09:00:00+00:00,1.123415
2019-03-28 15:00:00+00:00,1.122405
2019-03-28 21:00:00+00:00,1.12305
2019-03-29 03:00:00+00:00,1.12301
2019-03-29 09:00:00+00:00,1.122775
2019-03-29 15:00:00+00:00,1.12178
2019-03-31 21:00:00+00:00,1.123175
2019-04-01 03:00:00+00:00,1.124635
2019-04-01 09:00:00+00:00,1.12204
2019-04-01 15:00:00+00:00,1.121275
2019-04-01 21:00:00+00:00,1.120255
2019-04-02 03:00:00+00:00,1.119805
2019-04-02 09:00:00+00:00,1.119135
2019-04-02 15:00:00+00:00,1.1204450000000001
2019-04-02 21:00:00+00:00,1.12208
2019-04-03 03:00:00+00:00,1.12432
2019-04-03 09:00:00+00:00,1.12297
2019-04-03 15:00:00+00:00,1.1233
2019-04-03 21:00:00+00:00,1.123815
2019-04-04 03:00:00+00:00,1.12317
2019-04-04 09:00:00+00:00,1.121635
2019-04-04 15:00:00+00:00,1.122055
2019-04-04 21:00:00+00:00,1.12241
2019-04-05 03:00:00+00:00,1.1230099999999998
2019-04-05 09:00:00+00:00,1.12241
2019-04-05 15:00:00+00:00,1.12162
2019-04-07 21:00:00+00:00,1.12253
2019-04-08 03:00:00+00:00,1.123345
2019-04-08 09:00:00+00:00,1.126135
2019-04-08 15:00:00+00:00,1.12611
2019-04-08 21:00:00+00:00,1.12661
2019-04-09 03:00:00+00:00,1.1280000000000001
2019-04-09 09:00:00+00:00,1.12731
2019-04-09 15:00:00+00:00,1.1262699999999999
2019-04-09 21:00:00+00:00,1.12587
2019-04-10 03:00:00+00:00,1.12697
2019-04-10 09:00:00+00:00,1.125035
2019-04-10 15:00:00+00:00,1.12737
2019-04-10 21:00:00+00:00,1.12757
2019-04-11 03:00:00+00:00,1.12793
2019-04-11 09:00:00+00:00,1.1274199999999999
2019-04-11 15:00:00+00:00,1.12541
2019-04-11 21:00:00+00:00,1.128965
2019-04-12 03:00:00+00:00,1.13056
2019-04-12 09:00:00+00:00,1.131365
2019-04-12 15:00:00+00:00,1.1298849999999998
2019-04-14 21:00:00+00:00,1.131385
2019-04-15 03:00:00+00:00,1.131825
2019-04-15 09:00:00+00:00,1.130835
2019-04-15 15:00:00+00:00,1.1304400000000001
2019-04-15 21:00:00+00:00,1.1298599999999999
2019-04-16 03:00:00+00:00,1.1305299999999998
2019-04-16 09:00:00+00:00,1.129995
2019-04-16 15:00:00+00:00,1.128075
2019-04-16 21:00:00+00:00,1.129855
2019-04-17 03:00:00+00:00,1.13159
2019-04-17 09:00:00+00:00,1.13032
2019-04-17 15:00:00+00:00,1.1298
2019-04-17 21:00:00+00:00,1.1292200000000001
2019-04-18 03:00:00+00:00,1.126075
2019-04-18 09:00:00+00:00,1.1243400000000001
2019-04-18 15:00:00+00:00,1.123055
2019-04-18 21:00:00+00:00,1.12365
2019-04-19 03:00:00+00:00,1.12467
2019-04-19 09:00:00+00:00,1.1246749999999999
2019-04-19 15:00:00+00:00,1.12452
2019-04-21 21:00:00+00:00,1.12399
2019-04-22 03:00:00+00:00,1.1245850000000002
2019-04-22 09:00:00+00:00,1.125475
2019-04-22 15:00:00+00:00,1.12572
2019-04-22 21:00:00+00:00,1.124965
2019-04-23 03:00:00+00:00,1.1250200000000001
2019-04-23 09:00:00+00:00,1.1207
2019-04-23 15:00:00+00:00,1.122725
2019-04-23 21:00:00+00:00,1.12141
2019-04-24 03:00:00+00:00,1.12183
2019-04-24 09:00:00+00:00,1.120445
2019-04-24 15:00:00+00:00,1.11538
2019-04-24 21:00:00+00:00,1.115935
2019-04-25 03:00:00+00:00,1.1147399999999998
2019-04-25 09:00:00+00:00,1.1143800000000001
2019-04-25 15:00:00+00:00,1.113195
2019-04-25 21:00:00+00:00,1.113895
2019-04-26 03:00:00+00:00,1.1142400000000001
2019-04-26 09:00:00+00:00,1.116275
2019-04-26 15:00:00+00:00,1.1147200000000002
2019-04-28 21:00:00+00:00,1.115795
2019-04-29 03:00:00+00:00,1.1165150000000001
2019-04-29 09:00:00+00:00,1.11661
2019-04-29 15:00:00+00:00,1.118515
2019-04-29 21:00:00+00:00,1.118865
2019-04-30 03:00:00+00:00,1.1206399999999999
2019-04-30 09:00:00+00:00,1.120555
2019-04-30 15:00:00+00:00,1.12151
2019-04-30 21:00:00+00:00,1.1215199999999999
2019-05-01 03:00:00+00:00,1.122805
2019-05-01 09:00:00+00:00,1.1240299999999999
2019-05-01 15:00:00+00:00,1.1194899999999999
2019-05-01 21:00:00+00:00,1.120155
2019-05-02 03:00:00+00:00,1.120845
2019-05-02 09:00:00+00:00,1.11818
2019-05-02 15:00:00+00:00,1.11726
2019-05-02 21:00:00+00:00,1.117445
2019-05-03 03:00:00+00:00,1.11653
2019-05-03 09:00:00+00:00,1.118715
2019-05-03 15:00:00+00:00,1.12013
2019-05-05 21:00:00+00:00,1.1189200000000001
2019-05-06 03:00:00+00:00,1.11841
2019-05-06 09:00:00+00:00,1.119685
2019-05-06 15:00:00+00:00,1.119945
2019-05-06 21:00:00+00:00,1.12053
2019-05-07 03:00:00+00:00,1.11967
2019-05-07 09:00:00+00:00,1.11878
2019-05-07 15:00:00+00:00,1.11917
2019-05-07 21:00:00+00:00,1.12005
2019-05-08 03:00:00+00:00,1.1198000000000001
2019-05-08 09:00:00+00:00,1.12033
2019-05-08 15:00:00+00:00,1.11921
2019-05-08 21:00:00+00:00,1.1189550000000001
2019-05-09 03:00:00+00:00,1.118875
2019-05-09 09:00:00+00:00,1.123005
2019-05-09 15:00:00+00:00,1.1213199999999999
2019-05-09 21:00:00+00:00,1.12277
2019-05-10 03:00:00+00:00,1.123095
2019-05-10 09:00:00+00:00,1.1243699999999999
2019-05-10 15:00:00+00:00,1.12336
2019-05-12 21:00:00+00:00,1.12324
2019-05-13 03:00:00+00:00,1.122965
2019-05-13 09:00:00+00:00,1.124255
2019-05-13 15:00:00+00:00,1.1223100000000001
2019-05-13 21:00:00+00:00,1.12328
2019-05-14 03:00:00+00:00,1.1242649999999998
2019-05-14 09:00:00+00:00,1.121155
2019-05-14 15:00:00+00:00,1.1204
2019-05-14 21:00:00+00:00,1.1206800000000001
2019-05-15 03:00:00+00:00,1.121445
2019-05-15 09:00:00+00:00,1.1208200000000001
2019-05-15 15:00:00+00:00,1.1201699999999999
2019-05-15 21:00:00+00:00,1.12081
2019-05-16 03:00:00+00:00,1.12207
2019-05-16 09:00:00+00:00,1.1178050000000002
2019-05-16 15:00:00+00:00,1.117365
2019-05-16 21:00:00+00:00,1.117775
2019-05-17 03:00:00+00:00,1.11741
2019-05-17 09:00:00+00:00,1.116005
2019-05-17 15:00:00+00:00,1.1157400000000002
2019-05-19 21:00:00+00:00,1.11586
2019-05-20 03:00:00+00:00,1.115515
2019-05-20 09:00:00+00:00,1.1165500000000002
2019-05-20 15:00:00+00:00,1.11659
2019-05-20 21:00:00+00:00,1.11646
2019-05-21 03:00:00+00:00,1.1147399999999998
2019-05-21 09:00:00+00:00,1.117995
2019-05-21 15:00:00+00:00,1.11613
2019-05-21 21:00:00+00:00,1.116055
2019-05-22 03:00:00+00:00,1.115965
2019-05-22 09:00:00+00:00,1.11539
2019-05-22 15:00:00+00:00,1.11507
2019-05-22 21:00:00+00:00,1.11518
2019-05-23 03:00:00+00:00,1.113975
2019-05-23 09:00:00+00:00,1.1148950000000002
2019-05-23 15:00:00+00:00,1.118185
2019-05-23 21:00:00+00:00,1.118135
2019-05-24 03:00:00+00:00,1.118475
2019-05-24 09:00:00+00:00,1.12046
2019-05-24 15:00:00+00:00,1.12038
2019-05-26 21:00:00+00:00,1.12109
2019-05-27 03:00:00+00:00,1.119275
2019-05-27 09:00:00+00:00,1.1191900000000001
2019-05-27 15:00:00+00:00,1.11932
2019-05-27 21:00:00+00:00,1.11823
2019-05-28 03:00:00+00:00,1.1192449999999998
2019-05-28 09:00:00+00:00,1.11741
2019-05-28 15:00:00+00:00,1.116025
2019-05-28 21:00:00+00:00,1.11645
2019-05-29 03:00:00+00:00,1.11548
2019-05-29 09:00:00+00:00,1.1142349999999999
2019-05-29 15:00:00+00:00,1.113095
2019-05-29 21:00:00+00:00,1.113865
2019-05-30 03:00:00+00:00,1.1134149999999998
2019-05-30 09:00:00+00:00,1.112665
2019-05-30 15:00:00+00:00,1.112915
2019-05-30 21:00:00+00:00,1.113445
2019-05-31 03:00:00+00:00,1.114805
2019-05-31 09:00:00+00:00,1.1141999999999999
2019-05-31 15:00:00+00:00,1.116885
2019-06-02 21:00:00+00:00,1.118825
2019-06-03 03:00:00+00:00,1.1179649999999999
2019-06-03 09:00:00+00:00,1.120145
2019-06-03 15:00:00+00:00,1.124155
2019-06-03 21:00:00+00:00,1.125345
2019-06-04 03:00:00+00:00,1.1248049999999998
2019-06-04 09:00:00+00:00,1.123215
2019-06-04 15:00:00+00:00,1.1251950000000002
2019-06-04 21:00:00+00:00,1.1261299999999999
2019-06-05 03:00:00+00:00,1.1279050000000002
2019-06-05 09:00:00+00:00,1.12622
2019-06-05 15:00:00+00:00,1.122105
2019-06-05 21:00:00+00:00,1.122715
2019-06-06 03:00:00+00:00,1.123945
2019-06-06 09:00:00+00:00,1.1280700000000001
2019-06-06 15:00:00+00:00,1.127545
2019-06-06 21:00:00+00:00,1.126865
2019-06-07 03:00:00+00:00,1.126525
2019-06-07 09:00:00+00:00,1.13375
2019-06-07 15:00:00+00:00,1.13333
2019-06-09 21:00:00+00:00,1.131315
2019-06-10 03:00:00+00:00,1.129655
2019-06-10 09:00:00+00:00,1.131605
2019-06-10 15:00:00+00:00,1.13116
2019-06-10 21:00:00+00:00,1.131575
2019-06-11 03:00:00+00:00,1.131275
2019-06-11 09:00:00+00:00,1.131465
2019-06-11 15:00:00+00:00,1.132595
2019-06-11 21:00:00+00:00,1.132805
2019-06-12 03:00:00+00:00,1.133405
2019-06-12 09:00:00+00:00,1.132075
2019-06-12 15:00:00+00:00,1.1287449999999999
2019-06-12 21:00:00+00:00,1.12942
2019-06-13 03:00:00+00:00,1.1291799999999999
2019-06-13 09:00:00+00:00,1.12717
2019-06-13 15:00:00+00:00,1.12764
2019-06-13 21:00:00+00:00,1.127475
2019-06-14 03:00:00+00:00,1.12798
2019-06-14 09:00:00+00:00,1.1225399999999999
2019-06-14 15:00:00+00:00,1.120965
2019-06-16 21:00:00+00:00,1.121975
2019-06-17 03:00:00+00:00,1.12141
2019-06-17 09:00:00+00:00,1.122375
2019-06-17 15:00:00+00:00,1.1218050000000002
2019-06-17 21:00:00+00:00,1.123205
2019-06-18 03:00:00+00:00,1.11905
2019-06-18 09:00:00+00:00,1.11863
2019-06-18 15:00:00+00:00,1.1194250000000001
2019-06-18 21:00:00+00:00,1.1193
2019-06-19 03:00:00+00:00,1.1200299999999999
2019-06-19 09:00:00+00:00,1.121635
2019-06-19 15:00:00+00:00,1.12262
2019-06-19 21:00:00+00:00,1.1267399999999999
2019-06-20 03:00:00+00:00,1.128965
2019-06-20 09:00:00+00:00,1.12887
2019-06-20 15:00:00+00:00,1.129155
2019-06-20 21:00:00+00:00,1.129845
2019-06-21 03:00:00+00:00,1.130305
2019-06-21 09:00:00+00:00,1.1320999999999999
2019-06-21 15:00:00+00:00,1.1368800000000001
2019-06-23 21:00:00+00:00,1.138515
2019-06-24 03:00:00+00:00,1.138595
2019-06-24 09:00:00+00:00,1.1389399999999998
2019-06-24 15:00:00+00:00,1.139875
2019-06-24 21:00:00+00:00,1.140225
2019-06-25 03:00:00+00:00,1.138515
2019-06-25 09:00:00+00:00,1.13825
2019-06-25 15:00:00+00:00,1.13672
2019-06-25 21:00:00+00:00,1.13548
2019-06-26 03:00:00+00:00,1.13586
2019-06-26 09:00:00+00:00,1.13773
2019-06-26 15:00:00+00:00,1.13686
2019-06-26 21:00:00+00:00,1.136195
2019-06-27 03:00:00+00:00,1.137175
2019-06-27 09:00:00+00:00,1.13692
2019-06-27 15:00:00+00:00,1.1369449999999999
2019-06-27 21:00:00+00:00,1.13687
2019-06-28 03:00:00+00:00,1.13904
2019-06-28 09:00:00+00:00,1.13888
2019-06-28 15:00:00+00:00,1.13721
2019-06-30 21:00:00+00:00,1.13523
2019-07-01 03:00:00+00:00,1.133085
2019-07-01 09:00:00+00:00,1.132435
2019-07-01 15:00:00+00:00,1.128555
2019-07-01 21:00:00+00:00,1.12799
2019-07-02 03:00:00+00:00,1.1293600000000001
2019-07-02 09:00:00+00:00,1.12947
2019-07-02 15:00:00+00:00,1.1286
2019-07-02 21:00:00+00:00,1.12917
2019-07-03 03:00:00+00:00,1.12885
2019-07-03 09:00:00+00:00,1.128095
2019-07-03 15:00:00+00:00,1.1276950000000001
2019-07-03 21:00:00+00:00,1.128365
2019-07-04 03:00:00+00:00,1.12798
2019-07-04 09:00:00+00:00,1.12818
2019-07-04 15:00:00+00:00,1.12847
2019-07-04 21:00:00+00:00,1.128175
2019-07-05 03:00:00+00:00,1.12623
2019-07-05 09:00:00+00:00,1.12221
2019-07-05 15:00:00+00:00,1.12255
2019-07-07 21:00:00+00:00,1.122595
2019-07-08 03:00:00+00:00,1.1231300000000002
2019-07-08 09:00:00+00:00,1.1214849999999998
2019-07-08 15:00:00+00:00,1.121445
2019-07-08 21:00:00+00:00,1.12122
2019-07-09 03:00:00+00:00,1.119875
2019-07-09 09:00:00+00:00,1.1205850000000002
2019-07-09 15:00:00+00:00,1.120775
2019-07-09 21:00:00+00:00,1.12101
2019-07-10 03:00:00+00:00,1.1225450000000001
2019-07-10 09:00:00+00:00,1.1252900000000001
2019-07-10 15:00:00+00:00,1.1250499999999999
2019-07-10 21:00:00+00:00,1.127285
2019-07-11 03:00:00+00:00,1.1273650000000002
2019-07-11 09:00:00+00:00,1.125245
2019-07-11 15:00:00+00:00,1.12537
2019-07-11 21:00:00+00:00,1.1265800000000001
2019-07-12 03:00:00+00:00,1.12622
2019-07-12 09:00:00+00:00,1.1251799999999998
2019-07-12 15:00:00+00:00,1.127055
2019-07-14 21:00:00+00:00,1.127065
2019-07-15 03:00:00+00:00,1.1273
2019-07-15 09:00:00+00:00,1.126175
2019-07-15 15:00:00+00:00,1.125785
2019-07-15 21:00:00+00:00,1.12628
2019-07-16 03:00:00+00:00,1.1245150000000002
2019-07-16 09:00:00+00:00,1.1223800000000002
2019-07-16 15:00:00+00:00,1.1210149999999999
2019-07-16 21:00:00+00:00,1.121245
2019-07-17 03:00:00+00:00,1.121075
2019-07-17 09:00:00+00:00,1.1225399999999999
2019-07-17 15:00:00+00:00,1.122425
2019-07-17 21:00:00+00:00,1.123905
2019-07-18 03:00:00+00:00,1.12395
2019-07-18 09:00:00+00:00,1.12181
2019-07-18 15:00:00+00:00,1.1276950000000001
2019-07-18 21:00:00+00:00,1.1267800000000001
2019-07-19 03:00:00+00:00,1.125115
2019-07-19 09:00:00+00:00,1.122175
2019-07-19 15:00:00+00:00,1.122055
2019-07-21 21:00:00+00:00,1.121745
2019-07-22 03:00:00+00:00,1.12174
2019-07-22 09:00:00+00:00,1.12221
2019-07-22 15:00:00+00:00,1.1208900000000002
2019-07-22 21:00:00+00:00,1.1199249999999998
2019-07-23 03:00:00+00:00,1.1183
2019-07-23 09:00:00+00:00,1.114845
2019-07-23 15:00:00+00:00,1.11515
2019-07-23 21:00:00+00:00,1.114535
2019-07-24 03:00:00+00:00,1.11385
2019-07-24 09:00:00+00:00,1.114235
2019-07-24 15:00:00+00:00,1.11394
2019-07-24 21:00:00+00:00,1.113535
2019-07-25 03:00:00+00:00,1.11292
2019-07-25 09:00:00+00:00,1.116035
2019-07-25 15:00:00+00:00,1.114735
2019-07-25 21:00:00+00:00,1.114855
2019-07-26 03:00:00+00:00,1.11356
2019-07-26 09:00:00+00:00,1.11267
2019-07-26 15:00:00+00:00,1.1128
2019-07-28 21:00:00+00:00,1.11321
2019-07-29 03:00:00+00:00,1.11233
2019-07-29 09:00:00+00:00,1.113205
2019-07-29 15:00:00+00:00,1.114525
2019-07-29 21:00:00+00:00,1.1142349999999999
2019-07-30 03:00:00+00:00,1.11468
2019-07-30 09:00:00+00:00,1.11381
2019-07-30 15:00:00+00:00,1.11557
2019-07-30 21:00:00+00:00,1.115315
2019-07-31 03:00:00+00:00,1.114445
2019-07-31 09:00:00+00:00,1.11338
2019-07-31 15:00:00+00:00,1.107655
2019-07-31 21:00:00+00:00,1.104955
2019-08-01 03:00:00+00:00,1.10473
2019-08-01 09:00:00+00:00,1.105795
2019-08-01 15:00:00+00:00,1.108495
2019-08-01 21:00:00+00:00,1.107525
2019-08-02 03:00:00+00:00,1.1096
2019-08-02 09:00:00+00:00,1.1102699999999999
2019-08-02 15:00:00+00:00,1.11084
2019-08-04 21:00:00+00:00,1.112255
2019-08-05 03:00:00+00:00,1.11468
2019-08-05 09:00:00+00:00,1.11853
2019-08-05 15:00:00+00:00,1.120295
2019-08-05 21:00:00+00:00,1.122785
2019-08-06 03:00:00+00:00,1.119925
2019-08-06 09:00:00+00:00,1.1182400000000001
2019-08-06 15:00:00+00:00,1.120175
2019-08-06 21:00:00+00:00,1.12094
2019-08-07 03:00:00+00:00,1.119075
2019-08-07 09:00:00+00:00,1.12159
2019-08-07 15:00:00+00:00,1.119905
2019-08-07 21:00:00+00:00,1.121005
2019-08-08 03:00:00+00:00,1.12147
2019-08-08 09:00:00+00:00,1.11998
2019-08-08 15:00:00+00:00,1.11796
2019-08-08 21:00:00+00:00,1.119625
2019-08-09 03:00:00+00:00,1.119415
2019-08-09 09:00:00+00:00,1.12009
2019-08-09 15:00:00+00:00,1.12001
2019-08-11 21:00:00+00:00,1.120805
2019-08-12 03:00:00+00:00,1.1176050000000002
2019-08-12 09:00:00+00:00,1.121815
2019-08-12 15:00:00+00:00,1.121375
2019-08-12 21:00:00+00:00,1.11913
2019-08-13 03:00:00+00:00,1.119205
2019-08-13 09:00:00+00:00,1.11877
2019-08-13 15:00:00+00:00,1.11716
2019-08-13 21:00:00+00:00,1.117545
2019-08-14 03:00:00+00:00,1.11763
2019-08-14 09:00:00+00:00,1.114895
2019-08-14 15:00:00+00:00,1.113925
2019-08-14 21:00:00+00:00,1.114155
2019-08-15 03:00:00+00:00,1.114835
2019-08-15 09:00:00+00:00,1.1107399999999998
2019-08-15 15:00:00+00:00,1.1109900000000001
2019-08-15 21:00:00+00:00,1.109995
2019-08-16 03:00:00+00:00,1.108415
2019-08-16 09:00:00+00:00,1.1105450000000001
2019-08-16 15:00:00+00:00,1.109045
2019-08-18 21:00:00+00:00,1.109295
2019-08-19 03:00:00+00:00,1.11023
2019-08-19 09:00:00+00:00,1.109525
2019-08-19 15:00:00+00:00,1.107815
2019-08-19 21:00:00+00:00,1.10873
2019-08-20 03:00:00+00:00,1.1078299999999999
2019-08-20 09:00:00+00:00,1.1089449999999998
2019-08-20 15:00:00+00:00,1.11008
2019-08-20 21:00:00+00:00,1.1099
2019-08-21 03:00:00+00:00,1.1098
2019-08-21 09:00:00+00:00,1.10928
2019-08-21 15:00:00+00:00,1.10845
2019-08-21 21:00:00+00:00,1.1088200000000001
2019-08-22 03:00:00+00:00,1.10988
2019-08-22 09:00:00+00:00,1.107995
2019-08-22 15:00:00+00:00,1.107965
2019-08-22 21:00:00+00:00,1.10738
2019-08-23 03:00:00+00:00,1.1067550000000002
2019-08-23 09:00:00+00:00,1.110985
2019-08-23 15:00:00+00:00,1.1143399999999999
2019-08-25 21:00:00+00:00,1.113975
2019-08-26 03:00:00+00:00,1.11147
2019-08-26 09:00:00+00:00,1.1113849999999998
2019-08-26 15:00:00+00:00,1.11002
2019-08-26 21:00:00+00:00,1.110515
2019-08-27 03:00:00+00:00,1.111335
2019-08-27 09:00:00+00:00,1.1101649999999998
2019-08-27 15:00:00+00:00,1.1090200000000001
2019-08-27 21:00:00+00:00,1.108845
2019-08-28 03:00:00+00:00,1.10888
2019-08-28 09:00:00+00:00,1.1075949999999999
2019-08-28 15:00:00+00:00,1.10777
2019-08-28 21:00:00+00:00,1.10824
2019-08-29 03:00:00+00:00,1.107665
2019-08-29 09:00:00+00:00,1.1067200000000001
2019-08-29 15:00:00+00:00,1.1056750000000002
2019-08-29 21:00:00+00:00,1.104355
2019-08-30 03:00:00+00:00,1.1038299999999999
2019-08-30 09:00:00+00:00,1.101245
2019-08-30 15:00:00+00:00,1.09905
2019-09-01 21:00:00+00:00,1.09907
2019-09-02 03:00:00+00:00,1.097275
2019-09-02 09:00:00+00:00,1.09694
2019-09-02 15:00:00+00:00,1.096975
2019-09-02 21:00:00+00:00,1.09315
2019-09-03 03:00:00+00:00,1.094925
2019-09-03 09:00:00+00:00,1.09592
2019-09-03 15:00:00+00:00,1.0973899999999999
2019-09-03 21:00:00+00:00,1.097505
2019-09-04 03:00:00+00:00,1.100725
2019-09-04 09:00:00+00:00,1.1028799999999999
2019-09-04 15:00:00+00:00,1.1034799999999998
2019-09-04 21:00:00+00:00,1.103125
2019-09-05 03:00:00+00:00,1.103775
2019-09-05 09:00:00+00:00,1.104285
2019-09-05 15:00:00+00:00,1.103465
2019-09-05 21:00:00+00:00,1.10338
2019-09-06 03:00:00+00:00,1.103735
2019-09-06 09:00:00+00:00,1.1047850000000001
2019-09-06 15:00:00+00:00,1.1027900000000002
2019-09-08 21:00:00+00:00,1.10248
2019-09-09 03:00:00+00:00,1.10339
2019-09-09 09:00:00+00:00,1.10576
2019-09-09 15:00:00+00:00,1.104725
2019-09-09 21:00:00+00:00,1.104565
2019-09-10 03:00:00+00:00,1.1038299999999999
2019-09-10 09:00:00+00:00,1.1042
2019-09-10 15:00:00+00:00,1.10431
2019-09-10 21:00:00+00:00,1.10472
2019-09-11 03:00:00+00:00,1.10256
2019-09-11 09:00:00+00:00,1.099745
2019-09-11 15:00:00+00:00,1.10104
2019-09-11 21:00:00+00:00,1.10095
2019-09-12 03:00:00+00:00,1.1027200000000001
2019-09-12 09:00:00+00:00,1.102975
2019-09-12 15:00:00+00:00,1.1063749999999999
2019-09-12 21:00:00+00:00,1.10659
2019-09-13 03:00:00+00:00,1.10924
2019-09-13 09:00:00+00:00,1.10805
2019-09-13 15:00:00+00:00,1.10743
2019-09-15 21:00:00+00:00,1.1074899999999999
2019-09-16 03:00:00+00:00,1.105945
2019-09-16 09:00:00+00:00,1.099735
2019-09-16 15:00:00+00:00,1.10033
2019-09-16 21:00:00+00:00,1.10121
2019-09-17 03:00:00+00:00,1.10149
2019-09-17 09:00:00+00:00,1.1047699999999998
2019-09-17 15:00:00+00:00,1.1072449999999998
2019-09-17 21:00:00+00:00,1.10667
2019-09-18 03:00:00+00:00,1.1042100000000001
2019-09-18 09:00:00+00:00,1.10606
2019-09-18 15:00:00+00:00,1.10297
2019-09-18 21:00:00+00:00,1.10327
2019-09-19 03:00:00+00:00,1.10589
2019-09-19 09:00:00+00:00,1.10553
2019-09-19 15:00:00+00:00,1.104075
2019-09-19 21:00:00+00:00,1.105915
2019-09-20 03:00:00+00:00,1.104755
2019-09-20 09:00:00+00:00,1.1011199999999999
2019-09-20 15:00:00+00:00,1.10182
2019-09-22 21:00:00+00:00,1.102305
2019-09-23 03:00:00+00:00,1.097775
2019-09-23 09:00:00+00:00,1.099485
2019-09-23 15:00:00+00:00,1.09932
2019-09-23 21:00:00+00:00,1.099115
2019-09-24 03:00:00+00:00,1.0994199999999998
2019-09-24 09:00:00+00:00,1.0998299999999999
2019-09-24 15:00:00+00:00,1.102005
2019-09-24 21:00:00+00:00,1.100225
2019-09-25 03:00:00+00:00,1.1001750000000001
2019-09-25 09:00:00+00:00,1.095985
2019-09-25 15:00:00+00:00,1.0943100000000001
2019-09-25 21:00:00+00:00,1.09592
2019-09-26 03:00:00+00:00,1.09396
2019-09-26 09:00:00+00:00,1.09424
2019-09-26 15:00:00+00:00,1.092035
2019-09-26 21:00:00+00:00,1.091965
2019-09-27 03:00:00+00:00,1.09239
2019-09-27 09:00:00+00:00,1.094805
2019-09-27 15:00:00+00:00,1.0940400000000001
2019-09-27 21:00:00+00:00,1.0941
2019-09-29 21:00:00+00:00,1.09308
2019-09-30 03:00:00+00:00,1.09336
2019-09-30 09:00:00+00:00,1.09013
2019-09-30 15:00:00+00:00,1.089865
2019-09-30 21:00:00+00:00,1.088635
2019-10-01 03:00:00+00:00,1.08936
2019-10-01 09:00:00+00:00,1.091625
2019-10-01 15:00:00+00:00,1.0932300000000001
2019-10-01 21:00:00+00:00,1.09371
2019-10-02 03:00:00+00:00,1.0905399999999998
2019-10-02 09:00:00+00:00,1.0945
2019-10-02 15:00:00+00:00,1.0959050000000001
2019-10-02 21:00:00+00:00,1.0958100000000002
2019-10-03 03:00:00+00:00,1.0963500000000002
2019-10-03 09:00:00+00:00,1.0983800000000001
2019-10-03 15:00:00+00:00,1.096335
2019-10-03 21:00:00+00:00,1.098
2019-10-04 03:00:00+00:00,1.097365
2019-10-04 09:00:00+00:00,1.0979
2019-10-04 15:00:00+00:00,1.0978249999999998
2019-10-06 21:00:00+00:00,1.09843
2019-10-07 03:00:00+00:00,1.096415
2019-10-07 09:00:00+00:00,1.09946
2019-10-07 15:00:00+00:00,1.09708
2019-10-07 21:00:00+00:00,1.09761
2019-10-08 03:00:00+00:00,1.099075
2019-10-08 09:00:00+00:00,1.0954899999999999
2019-10-08 15:00:00+00:00,1.0955949999999999
2019-10-08 21:00:00+00:00,1.09652
2019-10-09 03:00:00+00:00,1.0984099999999999
2019-10-09 09:00:00+00:00,1.09796
2019-10-09 15:00:00+00:00,1.09701
2019-10-09 21:00:00+00:00,1.09905
2019-10-10 03:00:00+00:00,1.1017549999999998
2019-10-10 09:00:00+00:00,1.10128
2019-10-10 15:00:00+00:00,1.100505
2019-10-10 21:00:00+00:00,1.1017350000000001
2019-10-11 03:00:00+00:00,1.100965
2019-10-11 09:00:00+00:00,1.1034899999999999
2019-10-11 15:00:00+00:00,1.10384
2019-10-13 21:00:00+00:00,1.102805
2019-10-14 03:00:00+00:00,1.102995
2019-10-14 09:00:00+00:00,1.10248
2019-10-14 15:00:00+00:00,1.1026799999999999
2019-10-14 21:00:00+00:00,1.1026799999999999
2019-10-15 03:00:00+00:00,1.102665
2019-10-15 09:00:00+00:00,1.103465
2019-10-15 15:00:00+00:00,1.10323
2019-10-15 21:00:00+00:00,1.102895
2019-10-16 03:00:00+00:00,1.10364
2019-10-16 09:00:00+00:00,1.10519
2019-10-16 15:00:00+00:00,1.107165
2019-10-16 21:00:00+00:00,1.107695
2019-10-17 03:00:00+00:00,1.108985
2019-10-17 09:00:00+00:00,1.1115249999999999
2019-10-17 15:00:00+00:00,1.1124450000000001
2019-10-17 21:00:00+00:00,1.112325
2019-10-18 03:00:00+00:00,1.1127799999999999
2019-10-18 09:00:00+00:00,1.113835
2019-10-18 15:00:00+00:00,1.11708
2019-10-20 21:00:00+00:00,1.11567
2019-10-21 03:00:00+00:00,1.116675
2019-10-21 09:00:00+00:00,1.114585
2019-10-21 15:00:00+00:00,1.11497
2019-10-21 21:00:00+00:00,1.1151849999999999
2019-10-22 03:00:00+00:00,1.114125
2019-10-22 09:00:00+00:00,1.11314
2019-10-22 15:00:00+00:00,1.1125250000000002
2019-10-22 21:00:00+00:00,1.112005
2019-10-23 03:00:00+00:00,1.1118299999999999
2019-10-23 09:00:00+00:00,1.111485
2019-10-23 15:00:00+00:00,1.1130900000000001
2019-10-23 21:00:00+00:00,1.1137549999999998
2019-10-24 03:00:00+00:00,1.11321
2019-10-24 09:00:00+00:00,1.110565
2019-10-24 15:00:00+00:00,1.110455
2019-10-24 21:00:00+00:00,1.110385
2019-10-25 03:00:00+00:00,1.112085
2019-10-25 09:00:00+00:00,1.1091199999999999
2019-10-25 15:00:00+00:00,1.10795
2019-10-27 21:00:00+00:00,1.107875
2019-10-28 03:00:00+00:00,1.109165
2019-10-28 09:00:00+00:00,1.10918
2019-10-28 15:00:00+00:00,1.1099700000000001
2019-10-28 21:00:00+00:00,1.109705
2019-10-29 03:00:00+00:00,1.1079400000000001
2019-10-29 09:00:00+00:00,1.11104
2019-10-29 15:00:00+00:00,1.1111300000000002
2019-10-29 21:00:00+00:00,1.110785
2019-10-30 03:00:00+00:00,1.11192
2019-10-30 09:00:00+00:00,1.1111900000000001
2019-10-30 15:00:00+00:00,1.11503
2019-10-30 21:00:00+00:00,1.11667
2019-10-31 03:00:00+00:00,1.11749
2019-10-31 09:00:00+00:00,1.1142750000000001
2019-10-31 15:00:00+00:00,1.11514
2019-10-31 21:00:00+00:00,1.11651
2019-11-01 03:00:00+00:00,1.1160649999999999
2019-11-01 09:00:00+00:00,1.1165500000000002
2019-11-01 15:00:00+00:00,1.116545
2019-11-03 22:00:00+00:00,1.116945
2019-11-04 04:00:00+00:00,1.116505
2019-11-04 10:00:00+00:00,1.115465
2019-11-04 16:00:00+00:00,1.1128200000000001
2019-11-04 22:00:00+00:00,1.112365
2019-11-05 04:00:00+00:00,1.11292
2019-11-05 10:00:00+00:00,1.1072250000000001
2019-11-05 16:00:00+00:00,1.107415
2019-11-05 22:00:00+00:00,1.10762
2019-11-06 04:00:00+00:00,1.10914
2019-11-06 10:00:00+00:00,1.10739
2019-11-06 16:00:00+00:00,1.1066349999999998
2019-11-06 22:00:00+00:00,1.10588
2019-11-07 04:00:00+00:00,1.10779
2019-11-07 10:00:00+00:00,1.10467
2019-11-07 16:00:00+00:00,1.104975
2019-11-07 22:00:00+00:00,1.105245
2019-11-08 04:00:00+00:00,1.10385
2019-11-08 10:00:00+00:00,1.10217
2019-11-08 16:00:00+00:00,1.101915
2019-11-10 22:00:00+00:00,1.102285
2019-11-11 04:00:00+00:00,1.102965
2019-11-11 10:00:00+00:00,1.103485
2019-11-11 16:00:00+00:00,1.103325
2019-11-11 22:00:00+00:00,1.103195
2019-11-12 04:00:00+00:00,1.103315
2019-11-12 10:00:00+00:00,1.10122
2019-11-12 16:00:00+00:00,1.100895
2019-11-12 22:00:00+00:00,1.101235
2019-11-13 04:00:00+00:00,1.10154
2019-11-13 10:00:00+00:00,1.101035
2019-11-13 16:00:00+00:00,1.1006749999999998
2019-11-13 22:00:00+00:00,1.100365
2019-11-14 04:00:00+00:00,1.100105
2019-11-14 10:00:00+00:00,1.10013
2019-11-14 16:00:00+00:00,1.1021
2019-11-14 22:00:00+00:00,1.10261
2019-11-15 04:00:00+00:00,1.10189
2019-11-15 10:00:00+00:00,1.10507
2019-11-15 16:00:00+00:00,1.10514
2019-11-17 22:00:00+00:00,1.106395
2019-11-18 04:00:00+00:00,1.10619
2019-11-18 10:00:00+00:00,1.1080999999999999
2019-11-18 16:00:00+00:00,1.1073300000000001
2019-11-18 22:00:00+00:00,1.107445
2019-11-19 04:00:00+00:00,1.106855
2019-11-19 10:00:00+00:00,1.10806
2019-11-19 16:00:00+00:00,1.1078299999999999
2019-11-19 22:00:00+00:00,1.107415
2019-11-20 04:00:00+00:00,1.1063800000000001
2019-11-20 10:00:00+00:00,1.10657
2019-11-20 16:00:00+00:00,1.1072449999999998
2019-11-20 22:00:00+00:00,1.107535
2019-11-21 04:00:00+00:00,1.1086399999999998
2019-11-21 10:00:00+00:00,1.1075849999999998
2019-11-21 16:00:00+00:00,1.10582
2019-11-21 22:00:00+00:00,1.10636
2019-11-22 04:00:00+00:00,1.106075
2019-11-22 10:00:00+00:00,1.1034199999999998
2019-11-22 16:00:00+00:00,1.101975
2019-11-24 22:00:00+00:00,1.1019700000000001
2019-11-25 04:00:00+00:00,1.10134
2019-11-25 10:00:00+00:00,1.101165
2019-11-25 16:00:00+00:00,1.10115
2019-11-25 22:00:00+00:00,1.1013950000000001
2019-11-26 04:00:00+00:00,1.101435
2019-11-26 10:00:00+00:00,1.101205
2019-11-26 16:00:00+00:00,1.102165
2019-11-26 22:00:00+00:00,1.10145
2019-11-27 04:00:00+00:00,1.10094
2019-11-27 10:00:00+00:00,1.099885
2019-11-27 16:00:00+00:00,1.09988
2019-11-27 22:00:00+00:00,1.100525
2019-11-28 04:00:00+00:00,1.1013899999999999
2019-11-28 10:00:00+00:00,1.1006399999999998
2019-11-28 16:00:00+00:00,1.1009099999999998
2019-11-28 22:00:00+00:00,1.10107
2019-11-29 04:00:00+00:00,1.1004749999999999
2019-11-29 10:00:00+00:00,1.102745
2019-11-29 16:00:00+00:00,1.10191
2019-12-01 22:00:00+00:00,1.10181
2019-12-02 04:00:00+00:00,1.101435
2019-12-02 10:00:00+00:00,1.107075
2019-12-02 16:00:00+00:00,1.10792
2019-12-02 22:00:00+00:00,1.107625
2019-12-03 04:00:00+00:00,1.10838
2019-12-03 10:00:00+00:00,1.108215
2019-12-03 16:00:00+00:00,1.108215
2019-12-03 22:00:00+00:00,1.107925
2019-12-04 04:00:00+00:00,1.10724
2019-12-04 10:00:00+00:00,1.10881
2019-12-04 16:00:00+00:00,1.10775
2019-12-04 22:00:00+00:00,1.108515
2019-12-05 04:00:00+00:00,1.109235
2019-12-05 10:00:00+00:00,1.10928
2019-12-05 16:00:00+00:00,1.110405
2019-12-05 22:00:00+00:00,1.11077
2019-12-06 04:00:00+00:00,1.10968
2019-12-06 10:00:00+00:00,1.105045
2019-12-06 16:00:00+00:00,1.10599
2019-12-08 22:00:00+00:00,1.1054599999999999
2019-12-09 04:00:00+00:00,1.1065450000000001
2019-12-09 10:00:00+00:00,1.1068950000000002
2019-12-09 16:00:00+00:00,1.106385
2019-12-09 22:00:00+00:00,1.1067749999999998
2019-12-10 04:00:00+00:00,1.107715
2019-12-10 10:00:00+00:00,1.109
2019-12-10 16:00:00+00:00,1.1093250000000001
2019-12-10 22:00:00+00:00,1.109245
2019-12-11 04:00:00+00:00,1.108365
2019-12-11 10:00:00+00:00,1.108435
2019-12-11 16:00:00+00:00,1.11299
2019-12-11 22:00:00+00:00,1.114375
2019-12-12 04:00:00+00:00,1.11276
2019-12-12 10:00:00+00:00,1.11173
2019-12-12 16:00:00+00:00,1.1130849999999999
2019-12-12 22:00:00+00:00,1.117765
2019-12-13 04:00:00+00:00,1.1180249999999998
2019-12-13 10:00:00+00:00,1.11355
2019-12-13 16:00:00+00:00,1.11209
2019-12-15 22:00:00+00:00,1.113255
2019-12-16 04:00:00+00:00,1.1134650000000001
2019-12-16 10:00:00+00:00,1.11368
2019-12-16 16:00:00+00:00,1.1143999999999998
2019-12-16 22:00:00+00:00,1.1147
2019-12-17 04:00:00+00:00,1.11499
2019-12-17 10:00:00+00:00,1.11558
2019-12-17 16:00:00+00:00,1.11509
2019-12-17 22:00:00+00:00,1.11338
2019-12-18 04:00:00+00:00,1.11333
2019-12-18 10:00:00+00:00,1.112575
2019-12-18 16:00:00+00:00,1.111375
2019-12-18 22:00:00+00:00,1.1129950000000002
2019-12-19 04:00:00+00:00,1.1136599999999999
2019-12-19 10:00:00+00:00,1.111555
2019-12-19 16:00:00+00:00,1.11208
2019-12-19 22:00:00+00:00,1.111575
2019-12-20 04:00:00+00:00,1.1120700000000001
2019-12-20 10:00:00+00:00,1.108635
2019-12-20 16:00:00+00:00,1.10765
2019-12-22 22:00:00+00:00,1.10812
2019-12-23 04:00:00+00:00,1.1083699999999999
2019-12-23 10:00:00+00:00,1.10873
2019-12-23 16:00:00+00:00,1.1089600000000002
2019-12-23 22:00:00+00:00,1.10893
2019-12-24 04:00:00+00:00,1.10751
2019-12-24 10:00:00+00:00,1.1089950000000002
2019-12-24 16:00:00+00:00,1.1088149999999999
2019-12-25 22:00:00+00:00,1.10904
2019-12-26 04:00:00+00:00,1.10917
2019-12-26 10:00:00+00:00,1.10992
2019-12-26 16:00:00+00:00,1.109655
2019-12-26 22:00:00+00:00,1.11189
2019-12-27 04:00:00+00:00,1.1138599999999999
2019-12-27 10:00:00+00:00,1.1163
2019-12-27 16:00:00+00:00,1.11758
2019-12-29 22:00:00+00:00,1.11992
2019-12-30 04:00:00+00:00,1.1199400000000002
2019-12-30 10:00:00+00:00,1.120095
2019-12-30 16:00:00+00:00,1.11992
2019-12-30 22:00:00+00:00,1.120355
