air_pressure_9am,air_temp_9am,avg_wind_direction_9am,avg_wind_speed_9am,max_wind_direction_9am,max_wind_speed_9am,rain_accumulation_9am,rain_duration_9am,relative_humidity_9am,high_humidity_3pm
918.06,74.822,271.1,2.0803542,295.4,2.8632832,0.0,0.0,42.42,1
917.3476881000001,71.40384263,101.93517940000001,2.443009216,140.4715485,3.533323602,0.0,0.0,24.32869729,0
923.04,60.638000000000005,51.0,17.0678522,63.7,22.1009672,0.0,20.0,8.9,0
920.5027512,70.13889487,198.8321327,4.337363056,211.2033412,5.19004536,0.0,0.0,12.18910187,0
921.16,44.294,277.8,1.8566601999999999,136.5,2.8632832,8.9,14730.0,92.41,1
915.3,78.404,182.8,9.9320136,189.0,10.9833754,0.02,170.0,35.13,1
915.5988675000001,70.04330432,177.87540719999998,3.745586538,186.6066959,4.589632429,0.0,0.0,10.65742166,0
918.07,51.71,242.4,2.5277422,271.6,3.6462122000000003,0.0,0.0,80.47,1
920.08,80.582,40.7,4.5186188,63.0,5.8831522000000005,0.0,0.0,29.58,0
915.01,47.498000000000005,163.1,4.9436374,195.9,6.576603599999999,0.0,0.0,88.6,1
919.65,77.036,70.6,3.8251673999999998,85.5,4.7646822,0.0,0.0,22.07,1
915.64,45.716,241.6,5.8607828,265.8,8.0306146,0.55,1770.0,90.56,1
917.39,49.784,204.1,1.2750558,211.8,2.013246,0.0,0.0,73.15,1
920.82,62.438,213.6,2.6172197999999995,165.7,3.3106712,0.0,0.0,43.64,1
911.0,86.432,202.9,1.2079476,162.9,1.677705,0.0,0.0,15.19,0
922.3831312000001,70.86526349,36.17417478,1.847278084,58.42863249,2.529142074,0.0,0.0,12.11088934,0
917.89,,169.2,2.1922012000000004,196.8,2.9303914,0.0,0.0,48.99,1
916.9152554,77.01896058,234.53934500000003,2.274725297,229.47419869999996,2.9065131089999996,0.0,0.0,21.03146177,0
918.8,67.082,176.1,4.8765292,183.4,5.5699806,0.0,0.0,18.9,1
922.04,68.57600000000001,58.3,9.551733800000001,81.9,12.5716028,0.0,0.0,7.54,0
919.9922622000001,62.96438312,54.79909362,12.68043574,74.25422349,15.45230581,0.0,0.0,18.80951786,0
917.23,67.676,177.8,2.460634,93.2,3.2883017999999997,0.0,0.0,40.64,1
921.125626,68.81877189,71.79909228,2.576537767,95.47233356,3.487443587,0.0,0.0,11.74220123,0
920.35,47.57,192.1,6.263432,205.7,7.605596,0.0,0.0,54.55,1
921.7882288999999,71.65957221,217.4055201,1.946446506,253.75800299999997,2.7197116589999997,0.0,0.0,11.19424977,0
918.03,50.666000000000004,128.9,2.5277422,117.4,4.0041226000000005,0.0,0.0,76.88,1
914.49,49.891999999999996,163.0,4.8541598,189.6,6.7331894,0.0,0.0,92.1,1
914.9,78.62,203.3,1.8119214,240.0,2.7514362,0.0,220.0,47.89,1
915.84,40.118,171.9,10.535987400000002,188.0,12.9295132,0.0,0.0,86.43,1
916.31,45.428000000000004,183.1,8.3437862,194.6,10.088599400000001,0.0,0.0,86.15,1
919.35,91.11200000000001,96.4,2.5277422,96.3,3.3777794,0.0,0.0,25.62,1
916.28,55.544,174.6,2.5948504,191.7,3.3777794,0.0,0.0,79.92,1
918.7,76.226,184.6,4.0936002,194.9,4.7423128,0.0,0.0,19.17,1
918.37,63.913999999999994,53.7,14.4506324,72.1,17.045482800000002,0.0,0.0,19.68,0
923.6,59.882,192.8,4.2949247999999995,203.5,5.1897008,0.0,0.0,22.47,0
917.3,85.08200000000001,149.7,2.013246,71.0,2.8632832,0.0,0.0,32.02,1
912.64,53.996,177.7,6.822667,190.7,8.6345884,0.0,0.0,89.77,1
914.67,64.166,137.8,2.125093,177.0,2.7290667999999996,0.0,0.0,58.57,1
914.66,50.36,177.6,8.522741400000001,186.3,10.0214912,0.0,20.0,91.22,1
921.9699513,60.95534153,164.621486,1.664442299,195.7799675,2.3671811330000003,0.0,0.0,12.1096289,0
919.3,64.22,182.2,10.7596814,186.5,11.788673800000002,0.0,0.0,34.63,1
921.09,68.666,50.7,14.204569000000001,62.5,17.045482800000002,0.0,0.0,17.58,0
921.5,49.55,90.7,1.7448131999999998,112.3,2.684328,1.53,5420.0,34.35,1
914.9,64.688,174.6,5.6594582,184.5,6.8674058,0.0,0.0,43.37,1
924.2,68.882,56.3,9.8872748,69.0,11.8781514,0.0,0.0,14.23,0
914.54,67.658,170.2,8.2543086,184.3,10.849159,0.0,0.0,35.05,1
917.9,65.66,183.7,6.0621074,188.5,6.5094954000000005,0.021,319.0,74.22,1
916.05,87.18799999999999,210.0,1.565858,109.3,2.5948504,0.0,0.0,12.88,0
920.23,67.316,153.2,1.230317,136.9,2.0803542,0.0,0.0,13.89,0
923.6636768,69.03107042,64.68990787,7.55777528,73.04923224,8.819354482,0.0,0.0,14.69250133,0
921.9,65.876,199.0,4.496249400000001,207.2,5.3239171999999995,0.0,0.0,10.35,0
918.58,76.982,150.7,1.3197946000000003,182.0,1.9461378,0.0,0.0,15.54,1
922.36,74.336,166.9,4.1830777999999995,210.0,6.9121445999999995,0.0,0.0,12.48,0
922.928409,68.92146556,54.66611121,9.787407400000001,82.62134109,13.33468856,0.0,0.0,8.082800654,0
923.01855,70.33053243,152.56354209999998,3.059696039,181.27478,4.269037625,0.0,0.0,22.85968417,0
916.42,45.013999999999996,82.8,3.0646077999999997,129.8,4.8094209999999995,8.74,7000.0,57.71,1
922.57,45.626000000000005,182.8,5.2120702,191.4,6.017368599999999,0.0,0.0,85.71,1
920.03,66.992,172.5,2.460634,168.1,3.3106712,0.0,0.0,29.89,1
919.09,76.766,166.2,1.2974252,199.0,1.8119214,0.0,0.0,19.74,0
916.18,61.303999999999995,173.6,1.7224438000000002,209.4,2.5277422,0.0,0.0,78.78,1
917.8,73.778,181.9,0.9395148000000001,185.3,1.5434886,0.0,0.0,11.48,0
918.54,46.652,213.6,16.4862478,221.2,18.029736399999997,0.08,1153.0,91.36,1
918.24,61.988,78.4,4.4515106,45.1,5.8384134,0.0,0.0,60.65,1
917.02,53.258,180.2,3.131716,216.6,4.4515106,0.0,0.0,25.09,1
919.41,78.314,183.7,3.7580592000000004,42.7,5.3910254,0.0,0.0,29.71,0
921.29,83.228,162.6,2.6619585999999997,194.0,3.5567346,0.0,0.0,16.5,0
922.06,61.754,56.2,10.4241404,77.0,13.42164,0.0,0.0,17.7,0
925.5882713999999,66.35298837,56.06405656,17.52793246,67.93988014,20.97118326,0.0,0.0,14.424621400000001,0
917.58,69.368,180.7,6.956883400000001,191.7,8.6345884,0.0,0.0,28.63,1
922.2062329,57.03648251,48.36270145,12.38532935,64.90532836,15.78933106,0.0,0.0,14.9694299,0
917.7625807000001,82.06433413,110.2578524,2.234508146,129.7798795,3.206254488,0.0,0.0,16.57866197,0
925.0971257000001,57.13349912,52.96893276,14.61830695,69.00705655,19.21431385,0.0,1.5404482940000002,18.64230606,0
920.7428233999999,74.51537627,51.42271867,13.87609399,66.85476324,16.98617834,0.01,75.86295265,9.406636211,0
916.75,54.571999999999996,233.5,1.5211192,231.8,2.2816788,0.0,0.0,89.84,1
922.79,53.978,182.6,1.8566601999999999,208.2,2.6395892000000005,0.02,180.0,17.39,1
920.1,53.492,186.1,13.4440094,193.8,15.367777800000002,0.0,0.0,31.47,1
922.0704549000001,76.74220082,165.73640759999998,3.771458562,205.6703539,6.004160988,0.0,0.0,13.56782358,0
921.61,38.138000000000005,46.6,4.5186188,59.6,5.5252418,0.0,0.0,29.8,0
916.22,68.252,183.1,9.9320136,190.8,11.162330599999999,0.0,0.0,24.66,1
915.57,61.34,174.3,4.8988986,180.6,5.5028724,0.0,0.0,13.89,1
916.8,65.444,164.4,3.5567346,196.6,4.7199434,0.0,0.0,21.61,1
917.46,58.298,182.3,5.905521599999999,190.3,6.934514,0.0,0.0,25.76,1
925.74,49.55,154.2,2.3264176,197.1,3.4001487999999997,0.0,0.0,69.78,1
917.67,43.861999999999995,192.9,5.8384134,206.4,7.270055,0.0,0.0,85.18,0
920.93,63.824,196.4,7.6503347999999995,204.0,8.5674802,0.0,0.0,20.63,1
916.82,50.288000000000004,73.7,2.684328,90.4,3.4225182000000003,0.47,1030.0,58.73,1
917.2683056,85.66162976,266.4934619,2.158058057,194.70251140000002,2.829140057,0.031174102000000002,70.52665037,31.21856628,0
921.39,76.082,225.1,1.901399,251.1,2.5724810000000002,0.04,300.0,47.52,0
915.9144357000001,69.38887311,46.73617058,10.97695077,64.64468233,14.29761714,0.0,9.397156951,8.498335362999999,0
919.0,68.16199999999999,98.6,1.7224438000000002,126.4,2.3040482000000004,0.0,0.0,34.63,1
918.8846912,72.89987778,163.5151929,1.026577543,196.1572631,1.482193818,0.0,0.0,18.91876489,0
915.32,83.84,219.9,1.5211192,245.0,2.0579848000000003,0.0,0.0,17.49,1
918.8503360999999,74.08463941,69.44844917,3.416405485,103.0589152,4.748526322,0.0,0.0,11.07931552,0
921.4081299000001,47.97039461,46.31142851,10.99845315,67.23285724,14.38541279,0.0,0.0,22.14770138,0
913.3,79.376,52.2,3.2211936000000003,37.4,4.0936002,0.0,0.0,13.07,1
927.61,54.896,55.0,4.9883762,53.4,7.202946799999999,0.0,0.0,13.51,0
921.8744784,68.09384795,70.90865373,2.14658555,96.09530367,2.8912946710000003,0.0,0.0,12.47944521,0
921.54,43.16,52.5,23.5549782,68.0,29.840779600000005,0.05,100.0,19.38,0
916.52,51.638000000000005,190.8,7.404271400000001,198.0,8.388525,0.37,2170.0,91.69,1
921.39,46.67,46.0,1.7000743999999999,72.7,2.2145706,0.0,0.0,38.09,1
918.9,77.558,212.0,1.1855782,154.1,1.8342908,0.0,0.0,62.1,1
919.56,78.476,179.3,5.9502604,192.2,6.979252799999999,0.0,0.0,20.19,0
919.4478167000001,61.518660100000005,53.18264797,14.40562685,72.12874178,17.6112668,0.0,0.0,19.53916528,0
921.5,54.536,220.0,5.0107456,234.9,6.442387200000001,0.0,0.0,82.28,1
919.7734055999999,68.72379995,55.22713277,16.12642905,74.30451646,20.82389079,0.0,0.0,15.05815004,0
917.4,73.868,181.7,4.138339,189.8,4.7646822,0.05,460.0,58.91,1
914.95,47.21,183.9,7.627965400000001,191.2,8.612219,20.02,11650.0,90.68,1
918.1229673,69.68737309999999,224.59488369999997,3.65013425,242.07766850000002,4.774079056000001,0.0,0.0,17.108539899999997,0
920.36,74.192,56.1,4.7199434,72.7,5.5699806,0.0,0.0,14.73,0
923.62,62.6,63.7,4.9436374,75.5,6.0621074,0.0,0.0,28.55,0
922.7114406999999,47.52111016,198.5919491,6.11125373,215.4258051,7.451948552999999,0.0,0.0,50.75183903,0
915.29,58.82,182.6,15.613841199999998,189.0,,0.0,0.0,21.5,1
916.45,62.653999999999996,193.7,3.5343652000000003,208.8,4.4291412,0.0,0.0,47.43,1
922.88,53.744,186.9,2.8185444,223.2,3.6685816,0.0,0.0,28.68,1
915.1,47.138000000000005,189.8,3.8922756,215.5,5.480503,0.0,0.0,72.29,1
918.29,75.236,210.9,2.3040482000000004,232.8,2.9751302,0.0,0.0,35.96,1
919.5613327,69.16552065,137.1448756,1.382894185,123.0190307,2.031606785,0.0,0.0,15.93544664,0
917.3973493999999,79.24467791,97.26776438,1.110306816,95.59336009999998,1.542676075,0.0,0.0,13.36818385,0
918.2,65.984,172.5,2.8856526000000002,210.3,3.7580592000000004,0.0,0.0,13.85,1
915.17,51.17,235.3,1.565858,237.4,2.4158952,0.0,0.0,89.85,1
920.7,76.172,190.9,6.263432,199.6,7.270055,0.0,0.0,35.85,1
920.59,75.002,89.7,1.1632088,91.1,1.789552,0.0,0.0,13.92,0
918.32,74.732,239.5,2.0579848000000003,273.4,3.019869,0.0,0.0,27.48,1
920.18,62.744,32.6,3.019869,51.3,3.8251673999999998,0.0,0.0,45.21,1
913.61,79.628,180.5,3.2659324,187.9,3.7580592000000004,0.0,0.0,12.76,1
923.3172954,70.34564733,194.7326523,4.181992575,219.3140312,5.4023801339999995,0.0,0.0,18.35525613,0
917.69,75.038,79.7,3.131716,82.8,4.8317904,0.0,0.0,48.53,1
923.3242454,57.18647316,44.70418577,9.994809533,66.6391055,12.92188913,0.0,0.0,17.44536238,0
916.04,88.844,176.0,1.4092722,112.8,2.1922012000000004,0.0,0.0,7.37,1
923.485042,68.45261063,38.37667759,4.671545946,64.92977632,6.483996384,0.0,0.0,18.39975068,0
916.5,76.928,159.1,1.2974252,206.2,1.9237683999999997,0.0,0.0,42.52,1
918.0,66.866,198.4,2.684328,210.8,3.2659324,0.0,0.0,62.27,1
916.27,71.726,189.5,12.2136924,194.9,13.4440094,0.0,0.0,16.09,1
919.61,70.25,119.4,3.4001487999999997,162.6,5.0778538,0.0,0.0,19.64,0
920.2015859999999,57.81023706,80.48035523,5.38511667,93.97028884,7.435259553,0.0,0.0,14.3792334,0
918.8,48.416000000000004,24.8,2.0579848000000003,60.1,2.9527607999999996,0.0,0.0,65.12,1
921.6348995999999,65.89729045,73.48641858,3.0169720030000002,93.28223484,4.018967337,0.0,0.0,10.72026911,0
919.08,72.752,166.0,2.460634,198.9,3.131716,0.0,0.0,41.95,1
913.06,64.814,139.9,1.1855782,184.0,1.9461378,0.0,0.0,60.8,1
921.9332983999999,64.61826922,73.21344511,3.8155919810000003,92.03319361,4.733501,0.0,0.0,12.284973800000001,0
917.21,75.416,173.5,2.3040482000000004,194.5,3.1540854,0.0,0.0,48.57,1
923.8315596000001,50.00212297,198.88916030000001,5.9064336,215.506795,7.1657175429999995,0.0,0.0,39.93988672,0
921.1862235,71.20382278,214.24893840000001,1.690793397,173.3888784,2.6736814669999998,0.0,0.0,17.10315068,0
915.56,57.308,180.0,9.4846256,185.1,10.3794016,0.0,0.0,37.21,1
918.77,68.648,160.3,2.1474623999999998,198.4,2.9527607999999996,0.0,0.0,34.08,1
914.97,73.688,188.2,2.2593094,186.6,3.0646077999999997,0.0,0.0,40.98,1
924.722875,61.12808283,40.67343578,8.576565466,65.42982736,11.44865044,0.0,0.0,17.20774274,0
916.79,76.42399999999999,186.4,2.3935258,190.2,3.2883017999999997,0.0,0.0,33.11,1
916.55,57.956,174.4,3.131716,195.0,4.0712307999999995,0.0,0.0,60.46,1
919.66,66.92,105.4,2.2145706,147.0,3.1988242000000002,0.0,0.0,28.14,0
923.1877827,56.53274375,50.09369378,7.6955706489999995,56.99795789,9.427236293,0.0,0.0,13.49691652,0
916.55,53.51,205.8,3.802798,226.1,4.9436374,0.01,10.0,84.48,1
917.22,79.952,52.8,3.6014733999999997,68.6,4.585726999999999,0.0,0.0,23.25,1
919.9,56.048,58.8,3.8699062000000004,70.3,4.5409882,0.0,0.0,18.95,0
921.7,53.56399999999999,48.2,5.256809,64.4,6.8002975999999995,0.0,0.0,19.89,0
919.27,50.053999999999995,37.8,2.9303914,63.9,3.9593837999999995,0.0,0.0,70.76,1
926.1773682,66.06856811,56.82077877,16.99667398,69.30130963,20.49697829,0.0,0.0,14.58678058,0
921.5741147,75.25061053,225.30220690000002,1.963296053,251.3447767,2.648661988,0.035743013,268.0726009,43.52907512,0
918.32,55.45399999999999,47.9,6.4647566,63.6,7.8516594,0.0,0.0,24.28,0
915.7,56.534,143.5,1.6329662,174.0,2.1698318,0.0,0.0,81.99,1
921.507308,73.19115622,165.5487395,3.390924927,206.1791945,5.577992393,0.0,0.0,13.80796287,0
917.6,47.66,204.0,1.6105968000000002,183.2,2.23694,0.0,0.0,89.84,1
920.77,70.718,181.0,4.4067718000000005,188.2,5.0778538,0.0,0.0,13.16,0
915.6968387000001,86.23975056,234.1895664,1.742951989,125.5030256,2.503003987,0.0,0.0,8.810402446,0
913.7,64.88600000000001,185.9,3.467257,197.0,4.0936002,0.0,0.0,38.22,1
921.2110659,59.81076306,55.303143000000006,17.89629188,76.74202225,23.43976847,0.0,8.213187173,8.762945026,0
920.9,60.31399999999999,214.5,2.3040482000000004,239.3,2.8856526000000002,0.0,0.0,62.44,1
918.7138944,65.21846162,65.723783,5.723355288,79.36463343,7.095593332000001,0.0,0.0,18.634756600000003,0
917.7062235999999,81.45133349,121.88181159999999,1.7346416130000002,83.95062116,2.427703597,0.0,0.0,15.90510835,0
919.6,46.922,205.6,16.2401844,214.7,18.052105800000003,0.03,293.0,91.34,1
925.96,56.966,51.7,17.873150600000002,66.3,22.2799224,0.0,10.0,15.36,0
918.98,78.944,268.0,1.565858,241.1,2.1027236,0.0,0.0,36.35,1
917.7,74.786,40.2,6.666081200000001,59.5,8.299047400000001,0.0,0.0,22.33,0
919.9030809000001,55.96469778,48.10559492,8.828660563,64.13454679,11.03419158,0.0,0.0,20.43537504,0
923.61,58.406000000000006,47.7,10.6030956,67.1,13.622964600000001,0.0,0.0,17.98,0
915.15,84.236,203.6,1.11847,212.6,1.8342908,0.0,0.0,35.47,1
922.17,56.696000000000005,48.4,12.2136924,64.9,15.591471799999999,0.0,0.0,14.93,0
915.9,,183.3,4.7199434,189.9,5.346286599999999,0.0,0.0,29.26,1
918.4,60.926,189.3,5.1897008,195.6,5.6818276,0.0,0.0,13.16,1
919.4779271,68.06004299,47.04658845,10.56738329,64.8812473,13.6928726,0.0,6.534115493,9.374424197,0
916.1,51.224,199.9,3.2659324,220.1,4.026492,0.0,0.0,88.43,1
915.63,72.35600000000001,165.3,3.802798,179.0,5.256809,0.0,0.0,52.34,1
919.0,61.25,182.2,5.6147194,191.5,6.7331894,0.0,0.0,32.16,1
916.8176733999999,84.28745579,208.11834950000002,1.8927379619999998,108.3191396,3.085170344,0.0,0.0,13.6867076,0
914.98,84.36200000000001,178.4,1.4316416,209.3,1.9685072,0.0,0.0,37.64,1
918.8767447999999,77.08370529999999,183.3776772,4.324869059,193.009675,5.06360032,0.0,0.0,10.07382203,0
916.5,71.042,102.3,2.4158952,49.1,3.2211936000000003,0.0,0.0,49.01,1
922.1878752,56.86397406,48.38159909,12.29836798,64.90262870000001,15.68908393,0.0,0.0,14.94945239,0
922.57,69.368,193.5,2.6395892000000005,220.2,3.6014733999999997,0.0,0.0,19.95,0
924.14,55.562,222.4,3.243563,239.7,4.0488614,0.01,140.0,90.66,1
919.74,57.506,212.9,1.9685072,245.8,2.8185444,0.0,0.0,37.44,1
924.05,47.246,47.9,13.980875,68.3,17.8507812,0.0,20.0,16.71,0
920.59,42.62,163.8,5.256809,186.2,6.9121445999999995,1.53,4310.0,36.79,0
917.8,66.002,157.0,2.2816788,180.9,3.3106712,0.0,0.0,32.06,1
919.36,48.74,280.9,2.5277422,274.8,3.6685816,0.0,70.0,90.7,1
918.3914977,73.16857813,181.7207583,1.63004495,185.87755669999999,2.24738385,0.0,0.0,11.81458456,0
911.7,47.803999999999995,190.1,3.3106712,217.7,4.0712307999999995,0.0,0.0,90.09,1
920.93,75.434,40.2,2.1474623999999998,65.1,2.9751302,0.0,0.0,15.09,0
922.6982320000001,60.27479795,137.92494169999998,3.300545669,147.139294,5.146777719,0.0,0.0,19.8183735,0
922.9020623,60.81012419,269.1748773,1.906562783,232.723131,2.449735011,0.0,0.0,8.3099531,0
920.4057948999999,49.68650273,46.596378200000004,10.22502142,66.41307861,13.19277025,0.0,0.0,23.07243455,0
924.3902265,66.09908715,63.31115419,9.650178615,72.45162892,11.31602568,0.0,0.0,13.09353397,0
916.4,50.666000000000004,134.3,1.006623,172.3,1.4987498,0.0,0.0,91.15,1
913.52,62.51,182.9,8.3214168,189.1,9.3056704,0.0,0.0,40.25,1
907.99,41.36,161.2,12.258431199999999,187.7,17.7613036,0.98,3079.0,89.68,1
917.65,84.272,204.0,1.0513618,242.5,1.6105968000000002,0.0,0.0,16.68,0
920.0,74.89399999999999,46.7,6.979252799999999,64.8,8.970129400000001,0.0,0.0,27.36,1
915.49,59.324,162.1,3.3777794,180.8,4.5633576,0.0,0.0,66.45,1
922.89,63.176,183.6,4.4067718000000005,198.5,5.7265664,0.0,0.0,31.74,1
918.3,64.00399999999999,71.7,6.6213424,82.5,8.0306146,0.0,0.0,8.73,0
918.14,79.10600000000001,244.3,2.2816788,230.5,2.8856526000000002,0.0,0.0,20.13,0
918.3095406,75.05238781,183.2677142,2.0133374109999997,187.5795237,2.665303283,0.0,0.0,10.67546224,0
923.8852212999999,58.60710231,47.01875913,11.21570137,66.5550073,14.47634577,0.0,0.0,17.3082965,0
921.54,45.284,192.1,8.4108944,200.2,9.372778599999998,0.08,397.0,77.13,1
920.6273269999999,78.66944499,95.56109178,2.901135951,124.8664049,3.968540654,0.0,0.0,18.10408267,0
917.24,45.482,153.8,7.2253162,78.0,10.558356800000002,0.06,740.0,55.88,1
918.88,60.692,178.8,4.362033,185.4,4.921268,0.0,0.0,34.77,1
923.6,40.622,130.9,1.7224438000000002,163.1,2.7514362,0.0,10.0,79.26,1
921.1268633999999,48.61428416,42.355187799999996,11.313568199999999,65.46714208,15.033900199999998,0.0,0.0,28.24334024,0
921.6140613,60.53349648,35.94690682,4.472759068,55.81514063,5.664554056,0.0,0.0,11.81543762,0
923.7574672000001,70.92150085,195.4587087,5.090498516,218.7921781,6.46314964,0.0,0.0,17.41592061,0
919.0364127999999,74.21498778,108.7555383,2.924410013,59.47563149,3.6183569660000003,0.0,0.0,13.41607864,0
915.5,68.81,177.4,3.5567346,195.7,4.585726999999999,0.0,0.0,50.36,1
917.8075395,79.46219997,126.2423615,1.465764042,70.00171833,1.96225087,0.0,0.0,14.86957859,0
918.71,40.46,214.5,16.1283374,222.4,18.2757998,0.0,40.0,79.78,1
916.31,79.502,175.7,6.71082,187.0,8.142461599999999,0.0,0.0,24.16,1
914.7,63.571999999999996,171.9,8.5674802,182.8,10.625465,0.0,0.0,51.62,1
917.86,66.77600000000001,207.6,1.5211192,241.5,2.3040482000000004,0.0,0.0,51.97,1
920.4809981000001,65.51923570000001,111.7479205,3.77668495,52.27047864,4.586099132,0.0,0.0,22.89603974,0
919.28,72.64399999999999,95.9,4.7199434,85.6,5.8831522000000005,0.01,20.0,47.51,1
915.6,56.282,178.3,3.1988242000000002,201.7,4.1607084,0.0,0.0,89.95,1
918.9,76.874,343.4,2.8632832,147.8,3.6685816,0.0,0.0,32.28,1
917.4,70.322,176.2,6.129215599999999,184.0,7.1358386,0.05,270.0,49.43,1
921.65,62.87,56.7,10.714942599999999,77.3,13.7124422,0.0,0.0,21.11,0
915.61,69.314,46.7,10.916267199999998,64.5,14.204569000000001,0.0,10.0,8.3,0
915.8361258,70.55233656,178.2177358,3.337398212,186.3637652,4.142721001,0.0,0.0,10.91538616,0
922.18,42.476000000000006,195.4,7.1358386,208.5,8.4556332,0.0,0.0,84.08,1
923.5521786,71.09229021,197.674723,3.9428639160000003,210.8224238,5.165807062,0.0,0.0,13.30978526,0
921.4455101,62.93208054,65.04693863,9.134018007,80.4816318,11.65902058,0.0,0.0,16.54143045,0
920.85,57.398,47.5,9.1267152,58.9,10.6030956,0.0,0.0,13.49,0
920.02,49.946000000000005,183.4,8.388525,193.7,9.8201666,0.0,0.0,50.36,1
921.34,62.402,59.1,11.833412599999999,86.3,16.575725400000003,0.0,0.0,20.63,0
916.5815038999999,75.22466243,177.44370130000001,6.690025815,185.46776359999998,7.53528201,0.0,0.0,15.48874732,0
922.32,55.526,215.9,9.395147999999999,228.5,10.849159,0.02,60.0,91.12,1
917.08,63.968,220.0,3.4896263999999997,230.0,4.362033,0.0,0.0,22.56,1
920.0421425000001,65.20178968,122.9616493,3.626740706,48.25147194,4.628611525,0.0,0.0,24.3668217,0
920.5,40.838,185.3,5.5699806,203.3,6.979252799999999,0.0,90.0,70.31,1
916.45,74.318,129.3,1.0513618,102.2,1.7671826000000002,0.0,0.0,24.75,1
915.4,45.391999999999996,249.3,11.2070694,289.7,15.0098674,0.56,2495.0,90.47,1
919.55,59.09,49.0,20.893019600000002,58.5,24.6958176,0.0,0.0,12.86,0
917.6,74.93,63.9,11.6544574,84.7,15.099345000000001,0.0,70.0,53.83,1
921.3913192,68.22350765,199.1894024,4.538617584,208.44464440000002,5.40260097,0.0,0.0,10.45281845,0
917.56,68.612,171.6,7.605596,179.6,8.6793272,0.0,0.0,40.14,1
923.9079208999999,72.72259406,225.40660069999998,2.611461343,222.4772277,3.461424717,0.0,0.0,16.69798676,0
918.1,73.454,198.9,1.4540110000000002,175.3,2.23694,0.0,0.0,19.25,1
919.6158852,71.29991157,47.04243047,4.266622538,80.47154209,6.046422157,0.0,0.0,14.42305345,0
914.06,68.63,180.0,3.9817532,200.2,5.0778538,0.0,0.0,59.21,1
915.2653903999999,80.31328745,147.9977025,1.3817214880000002,145.4863187,1.838716306,0.0,0.0,19.29905188,0
923.054433,65.16357022,151.842544,3.5440454939999997,181.1710081,4.943764538,0.0,0.0,11.99979093,0
914.83,74.57,175.5,1.4092722,153.8,2.23694,0.0,0.0,47.51,1
916.65,89.402,185.2,1.7224438000000002,217.5,2.1922012000000004,0.0,0.0,12.05,0
919.47,84.57799999999999,53.0,3.131716,78.0,3.9817532,0.0,0.0,16.74,1
923.5966068,58.38059785,47.73775266,10.63627255,67.14584251,13.67142306,0.0,,17.99087636,0
915.1019014000001,73.21167026,210.4389883,1.3595703380000002,126.3068145,1.9887850630000001,0.0,0.0,22.7612053,0
919.71,70.286,149.3,2.796175,233.4,5.1449620000000005,0.171,999.0,12.21,0
916.9,68.378,333.0,0.6934514,143.8,1.2750558,0.0,0.0,20.19,1
923.78,64.454,150.3,4.0041226000000005,179.1,5.5699806,0.0,0.0,10.97,0
922.85,63.086000000000006,47.7,15.434885999999999,65.0,19.304792199999998,0.0,0.0,15.67,0
920.4,59.54,277.8,1.9461378,257.4,2.4830034,0.86,6950.0,43.63,1
920.5277587000002,60.43336922,55.19383295,12.48279264,73.42785151,15.31898188,0.0,0.0,18.13637262,0
921.4611652000001,63.11632857,65.07102334,9.38454164,80.62614005,11.99709279,0.0,0.0,16.22531864,0
923.82,64.36399999999999,126.4,2.9751302,63.8,3.467257,0.0,0.0,22.19,1
915.73,45.733999999999995,182.2,7.3147937999999995,190.1,8.500372,0.0,0.0,90.61,1
917.15,49.37,169.0,10.2004464,184.6,12.661080400000001,0.0,0.0,34.7,1
922.7542207,50.31093889,47.771267,13.45038354,67.99995535,17.76127697,0.0,0.0,28.34741392,0
920.6319976999999,68.61954067,192.6645154,3.9575881,221.73863169999998,5.106171337,0.0,0.0,15.45566476,0
917.0108508,85.71935991,116.2586699,2.327021942,49.72975715,3.09794544,0.0,0.0,15.66874657,0
920.48,62.6,194.4,2.7514362,,3.8699062000000004,0.0,0.0,52.58,1
916.4,78.512,182.5,3.9146449999999997,191.6,4.6304658,0.0,0.0,34.71,1
915.71,86.34200000000001,234.3,1.7448131999999998,125.5,2.5053728,0.0,0.0,8.68,0
913.8,68.954,139.6,2.23694,188.5,3.5343652000000003,0.0,0.0,35.16,1
929.32,49.982,107.7,1.789552,152.6,3.0422384,0.0,0.0,11.34,1
920.8759517000001,74.20858416,60.52244272,8.161792183,76.01683204,10.26903163,0.0,0.0,15.66055566,0
919.84,49.532,220.9,5.9502604,232.1,6.956883400000001,24.02,6690.0,91.4,1
920.9025992999999,56.99471668,70.74353221,2.901722608,63.99951283,3.511527166,0.0,0.0,21.67838488,0
919.8622252,75.40805734,220.85970519999998,1.6440362169999998,159.9642197,2.555761291,0.0,0.0,14.79946385,0
913.6332677000001,82.66416426,206.37159309999998,1.311490874,165.0858179,1.907801164,0.0,0.0,15.61173428,0
913.49,51.098,169.3,5.3015478,192.3,6.777928200000001,0.0,0.0,76.05,1
913.26,48.254,235.9,11.4978716,252.6,14.182199599999999,0.0,150.0,89.75,1
918.55,52.754,175.3,3.019869,202.5,4.4291412,0.0,0.0,66.2,1
921.5654424,64.34359081,65.23144978,11.05326069,81.58869867,14.24896635,0.0,0.0,14.11972166,0
918.3,51.836000000000006,203.5,1.677705,189.8,2.2593094,0.02,240.0,61.38,1
916.8678815,81.45214955,91.34080647,1.8766785209999999,122.7171291,2.651073695,0.0,0.0,27.88601462,0
917.8037736,77.0278835,178.4783736,5.352933499,192.9531575,6.366609824,0.0,0.0,19.9366652,0
916.4723882000001,75.9300745,177.8555033,4.900103325,193.524122,5.902168621,0.0,0.0,19.74461351,0
920.3305958999999,72.24249065,149.9188291,2.8153873760000003,179.0964804,3.963595764,0.0,0.0,18.83472065,0
916.12,49.082,212.2,1.7000743999999999,232.5,2.5724810000000002,0.0,0.0,77.33,1
917.3,73.616,147.7,2.4158952,175.2,3.467257,0.0,0.0,12.99,0
923.2818523,48.74219853,46.5709468,14.15724013,67.53410494,18.20855047,0.0,17.74736746,17.25063181,0
923.21,43.861999999999995,264.5,1.2526864,203.3,1.9685072,0.725,5558.0,85.0,1
915.6,77.918,35.1,3.5119958,50.2,4.4515106,0.0,0.0,24.71,1
913.34,57.218,215.0,3.7133203999999997,224.4,4.47388,0.0,0.0,81.77,1
916.75,61.574,79.7,2.5501116,96.5,3.1540854,0.0,0.0,35.24,1
918.59,51.08,78.1,4.6975739999999995,91.5,5.7265664,0.02,80.0,46.23,1
919.5763366,63.60195396,72.85668006,6.086013317000001,85.61107052,7.3882197,0.0,0.0,10.01830228,0
916.1,56.426,184.1,10.2451852,194.8,12.079476,0.0,0.0,22.64,1
913.97,72.824,219.7,1.4987498,125.9,2.1922012000000004,0.0,0.0,25.92,0
917.9558332,78.38301444,40.39898136,5.73771025,57.794445499999995,7.192632706,0.0,0.0,19.42487217,0
920.0422642999999,69.22872653,47.21579864,21.18064407,64.21894095,26.44910475,0.0,34.23159729,14.76320266,0
919.1,84.146,247.0,1.7224438000000002,63.3,2.684328,0.0,0.0,28.29,1
918.03,44.06,165.0,7.516118400000001,186.8,9.909644199999999,0.02,250.0,90.43,1
919.49,85.55,95.8,3.1764547999999997,51.2,4.0488614,0.0,0.0,16.08,0
915.1,89.78,159.5,2.6395892000000005,189.2,3.7580592000000004,0.0,0.0,30.27,1
916.5427325999999,76.53272584,174.008328,3.729839123,184.93025380000003,4.7199434,0.0,0.0,12.40234867,0
919.4138095000001,67.50973314,143.6927257,1.10993661,125.41951780000001,1.779403225,0.0,0.0,16.46413937,0
917.09,63.266000000000005,175.5,6.7331894,186.3,7.9635064,0.0,0.0,62.82,1
917.93,48.056000000000004,258.2,2.684328,287.6,3.8922756,0.0,40.0,82.81,1
913.2,63.373999999999995,178.8,7.2253162,189.7,8.500372,0.0,0.0,49.18,1
919.76,54.284,214.0,4.2054472,223.5,4.921268,0.0,0.0,17.77,0
921.9,78.206,50.7,5.368656,74.5,7.4490102,0.0,0.0,13.49,0
918.1,58.766000000000005,188.1,4.6304658,199.9,5.8607828,0.0,0.0,87.9,1
921.9102504000001,53.60209408,47.63037166,12.12761178,65.79789973,15.60581857,0.0,0.0,17.36394962,0
926.7620317,54.704884299999996,54.02433425,5.026891007,54.97828283,7.145174589,0.0,0.0,14.42540404,0
918.1,44.726000000000006,185.9,9.014868199999999,196.8,10.737312,0.0,10.0,87.27,1
917.54,71.384,219.5,2.1698318,202.4,2.7066974,3.6,10970.0,75.48,1
920.4,79.178,205.0,1.6553356,233.7,2.3711564,0.0,0.0,40.04,1
926.55,62.762,67.8,14.8309122,88.8,18.790295999999998,0.0,0.0,11.22,0
916.3,58.496,175.0,4.0712307999999995,182.4,4.7199434,0.0,0.0,24.05,1
921.4118864,62.02707785,63.20843848,8.247016861,79.12553762,10.4455477,0.0,0.0,19.01460029,0
919.4216453,68.22001132,140.30239369999998,1.2168932159999999,123.644714,1.865605816,0.0,0.0,16.41271205,0
918.1,61.988,191.1,11.0504836,199.4,12.7281886,0.0,0.0,19.24,1
918.9020905,73.50249595,177.3280285,0.958510766,128.8283933,1.4396680780000002,0.0,0.0,12.87453981,0
918.6948668,74.67577296,36.53826746,2.644399729,69.28693503,3.479075859,0.0,0.0,10.83953628,0
919.92,52.214,94.5,1.9908766,85.3,2.7738056,0.0,0.0,60.33,1
916.23,75.74,149.1,2.7514362,187.5,4.1830777999999995,,1480.0,31.88,1
913.2,39.02,185.8,8.813543600000001,200.8,11.072853,0.01,130.0,91.42,1
912.89,45.32,213.4,21.25093,220.5,23.577347600000003,0.03,250.0,84.09,1
924.72,63.518,29.7,1.3645333999999998,47.7,1.8119214,0.0,0.0,7.32,0
912.8,42.512,190.8,11.3860246,198.1,12.7281886,0.0,0.0,89.77,1
916.4,72.968,175.9,3.1988242000000002,186.4,3.9593837999999995,0.0,0.0,19.96,1
920.5194574999999,81.37174566,159.7225354,2.614439223,190.36937350000002,3.539454826,0.0,0.0,15.82215431,0
921.48,76.622,195.8,4.2054472,213.5,5.3910254,0.0,0.0,19.08,1
908.42,46.111999999999995,174.0,16.217814999999998,212.4,21.2732994,0.07,400.0,91.17,1
916.28,47.858000000000004,52.0,10.625465,68.4,13.690072800000001,0.0,0.0,57.7,1
917.06,79.178,218.8,1.4987498,215.7,2.2145706,0.0,0.0,34.3,1
920.53,81.95,59.3,10.1557076,79.3,12.705819199999999,0.0,0.0,19.8,0
919.9688186000001,66.6956673,64.42289391,9.361890964,74.97891479,10.847515099999999,0.0,0.0,17.82731464,0
920.1812947000001,58.90810931,57.9008855,9.395120679,75.72433588,11.73543121,0.0,0.0,18.93314198,0
915.69,43.646,177.9,9.171453999999999,187.3,11.117591800000001,0.0,80.0,91.88,1
923.0384033,60.63699846,51.00012096,17.0708015,63.70229822,22.10491764,1.21e-05,20.04838365,8.902153072,0
917.12,45.896,179.2,3.4001487999999997,195.0,3.9817532,0.0,0.0,89.03,1
917.15,59.95399999999999,191.4,6.6884505999999995,198.2,7.381902,0.0,0.0,20.12,1
925.28,66.47,49.4,11.2294388,77.9,15.3454084,0.0,0.0,13.93,0
919.7073418,68.27722271,228.9312659,3.95103064,245.8246833,5.183273101,0.0,0.0,14.76524046,0
922.8213104,67.81330144,55.75765832,9.555245,68.8572785,11.55889198,0.0,0.0,14.89222774,0
917.6,81.914,90.4,1.677705,121.4,2.3487869999999997,0.0,0.0,29.99,0
919.11,58.46,38.0,2.1698318,60.1,2.8185444,0.0,0.0,32.7,1
921.6848174,61.05388861,55.95905705,10.9939139,75.86412607,13.95291529,0.0,0.0,17.74130451,0
917.44,58.513999999999996,55.1,10.0214912,,12.705819199999999,0.0,0.0,13.88,1
923.9819454,68.21749494,38.650705200000004,5.170105725,64.89323931,7.160321328999999,0.0,0.0,18.27735168,0
919.0136722999999,62.59743172,166.8471586,3.643050208,190.0700122,4.869821116000001,0.0,0.0,22.37015948,0
920.4449457000001,65.80184531,49.8233462,21.52017709,61.88694438,25.54911195,,40.36401816,12.27871544,0
926.5,71.11399999999999,52.8,12.1018454,68.6,14.808542800000001,0.0,0.0,13.94,0
920.0038902000001,69.31791272,197.6057207,4.670853574,210.02791749999997,6.047160367999999,0.0,0.0,13.76670499,0
917.7,65.372,85.9,3.0646077999999997,90.6,4.5409882,0.0,0.0,22.93,1
917.85,65.372,129.9,1.4540110000000002,176.2,2.23694,0.0,0.0,39.37,1
924.94,57.163999999999994,53.2,14.0256138,69.5,18.6560796,0.0,0.0,19.24,0
918.1,49.946000000000005,124.3,1.4540110000000002,144.1,2.23694,0.0,0.0,91.87,1
924.7895679999999,71.20520678,227.9018441,2.522801012,222.9165701,3.373798753,0.0,0.0,15.13919915,0
916.32,63.032,68.9,3.9593837999999995,79.3,4.6528352,0.0,0.0,37.05,1
917.35,74.94800000000001,190.1,1.3197946000000003,215.6,1.9237683999999997,0.0,0.0,57.9,1
917.8,75.902,161.9,8.746435400000001,183.5,12.5939722,0.0,0.0,42.09,1
911.45,66.32600000000001,66.2,1.8342908,78.1,2.8856526000000002,0.0,0.0,47.61,1
918.3,78.854,88.4,2.8409138,108.4,3.9370144,0.0,0.0,15.77,1
916.4752028999999,78.65687296,120.9,2.6390393469999998,132.56254779999998,3.39497844,0.0,0.0,17.63831369,0
918.0264534,73.44189552,182.93294519999998,1.366093834,185.8562013,2.0322770759999997,0.0,0.0,10.41924474,0
916.9860064999999,75.84382067,150.23895119999997,1.30391354,142.6246944,1.889003196,0.0,0.0,17.43009839,0
915.92,47.443999999999996,204.7,4.115969600000001,224.1,5.346286599999999,0.0,0.0,72.38,1
924.1,64.706,62.9,10.580726199999999,72.5,12.3926476,0.0,0.0,13.05,0
916.63,65.22800000000001,188.5,1.1855782,225.7,1.8342908,0.0,0.0,15.09,0
917.2,74.138,176.0,3.0646077999999997,191.4,3.7133203999999997,0.0,0.0,13.32,0
918.48,66.542,90.9,3.467257,89.4,4.4067718000000005,,0.0,20.64,0
921.11,63.968,36.1,3.2883017999999997,57.2,4.026492,0.0,0.0,26.6,1
918.6370622999999,73.42994491,181.46747539999998,1.024885233,186.39403280000002,1.634550395,0.0,0.0,12.96076068,0
922.1838462999999,54.79058849,48.07333865,6.611144735,65.08397128,8.528633998,0.0,0.0,19.40615365,0
913.07,57.614,217.2,2.5501116,239.7,3.2211936000000003,0.0,0.0,76.67,1
913.32,79.214,95.9,2.8409138,129.1,4.115969600000001,0.0,0.0,17.69,0
914.63,55.4,191.1,5.368656,199.6,6.4200178,0.04,380.0,91.49,1
915.71,78.044,53.1,4.272555400000001,72.7,5.1897008,0.0,0.0,26.53,1
916.5,74.58800000000001,101.2,1.8342908,132.4,2.5948504,0.0,0.0,33.73,1
914.1317359,82.58315211,120.81033959999999,2.577089777,139.23954630000003,3.399743453,0.0,0.0,19.91117711,0
920.0,68.054,197.1,4.6752046,209.6,6.151585,0.0,0.0,14.5,0
919.58,62.114,192.3,4.5633576,207.6,5.6594582,0.0,0.0,76.03,1
921.6436745999999,68.89438461,194.7975764,3.37330212,216.37935840000003,4.520630245,0.0,0.0,17.9856135,0
917.3966172,78.69746778,134.9097068,2.6373385590000002,40.85169294,3.7711158410000003,0.0,0.0,22.81590461,0
922.254438,61.78811046,282.2708711,1.866895169,232.52313819999998,2.425626104,0.0,0.0,8.596749102,0
917.1,58.64,185.3,10.2451852,191.3,11.5873492,0.0,0.0,28.13,1
924.08,60.08,54.2,18.924512399999998,72.1,23.5549782,0.0,10.0,13.13,0
917.7,56.263999999999996,199.3,3.5567346,211.8,4.6975739999999995,0.0,0.0,75.16,1
925.63,59.882,42.7,15.099345000000001,63.1,19.8863966,0.0,0.0,13.05,0
916.7370565,77.37667411,184.19350569999997,3.334137998,201.33261169999997,4.048377157,0.0,0.0,31.21607683,0
921.5105338999999,60.51021538,45.95311769,20.72438109,58.41830375,25.52754984,0.01,54.01525312,11.45801709,0
912.98,46.994,190.2,5.6594582,202.6,6.822667,0.0,0.0,91.33,1
912.3,74.55199999999999,164.4,3.7580592000000004,182.8,4.8094209999999995,0.0,0.0,34.16,1
923.8,59.972,209.4,3.0422384,242.1,4.3396636,0.18,1350.0,32.3,1
924.16,61.88,111.8,3.4448876000000004,119.0,4.8094209999999995,0.0,0.0,15.21,1
920.91,66.416,198.1,4.0712307999999995,210.7,4.8317904,0.0,0.0,13.42,0
918.69,48.902,200.4,4.47388,222.1,6.0844768,0.0,0.0,77.7,1
921.8,53.492,305.9,3.0869772,275.6,4.2054472,0.0,0.0,23.67,1
,67.85383333,65.88061552,4.32859364,78.57092328,5.216734221,0.0,0.0,18.48738543,0
923.95,48.181999999999995,28.9,4.1830777999999995,44.7,5.1449620000000005,0.0,0.0,74.21,1
922.8084455000001,60.06418129,136.5277702,3.378980958,148.027201,5.268364378999999,0.0,0.0,19.82925713,0
922.99,59.486000000000004,137.5,3.3777794,147.2,5.279178400000001,0.0,0.0,19.84,0
926.77,65.696,47.7,9.909644199999999,65.6,12.7281886,0.0,0.0,11.4,0
922.2,58.298,41.3,4.6752046,55.8,5.7489358,0.0,0.0,32.4,1
915.3,51.512,179.4,5.0778538,186.5,5.7489358,0.0,0.0,68.52,1
918.5111396,77.62439967,127.56151229999999,2.130714809,45.58529595,2.858198612,0.0,0.0,16.13129142,0
921.2386105,68.19483703,50.44668658,14.30845427,62.71109452,17.23625393,0.0,0.0,17.41872379,0
915.03,72.428,162.0,2.3711564,190.8,3.3106712,0.0,0.0,43.19,1
918.3,64.88600000000001,140.6,3.7580592000000004,90.6,4.8094209999999995,0.0,0.0,36.04,1
917.0147568,82.08455393,205.63874330000002,1.273779328,239.68283459999998,1.857727387,0.0,0.0,17.849215700000002,0
918.37,65.318,188.3,6.2186932,209.7,7.5608572,0.0,0.0,20.46,1
920.64,53.888000000000005,42.0,14.763804,64.9,19.4390086,0.0,10.0,19.11,0
921.09,70.124,182.8,2.9080220000000003,204.5,3.5343652000000003,0.0,0.0,43.95,1
915.3,80.27600000000001,148.7,1.342164,145.6,1.789552,0.0,0.0,19.27,0
923.8339962000001,68.39986219,57.12574792,13.09782124,78.70342491,17.16838282,0.0,0.0,9.777602566,0
919.39,65.876,184.8,3.9593837999999995,192.8,4.8094209999999995,0.0,0.0,48.17,1
919.09,56.174,21.7,5.3239171999999995,40.6,6.375279,0.0,0.0,40.08,1
914.36,59.918,175.3,4.8765292,187.8,5.8607828,0.0,0.0,74.25,1
920.11,61.141999999999996,236.7,3.6238428,188.0,4.6528352,0.0,0.0,28.64,1
914.1065881000001,73.76724585,219.0630267,1.5031566180000002,124.8099219,2.218642107,0.0,0.0,25.06369772,0
920.5354071,68.68930518,47.5565148,13.00492854,65.87394081,16.72353156,0.0,0.0,10.28910353,0
919.01,60.044,147.8,2.3487869999999997,62.9,2.9080220000000003,0.0,0.0,28.47,1
919.5797521,68.56876297,71.32360231,5.4425717360000005,80.382763,6.4834781029999995,0.0,0.0,9.021708209,0
918.16,72.32,206.2,2.125093,242.8,2.9751302,0.0,0.0,44.85,1
922.9187404999999,59.52882277,45.5093643,17.68292319,61.04871813,22.03106575,0.0,0.0,12.96527314,0
916.1,76.352,138.6,5.0331150000000004,161.6,5.7713052000000005,0.894,2981.0,30.93,1
923.1567033,69.84222257,197.226282,5.676675693,215.19340669999997,6.981690518,0.0,0.0,14.91156137,0
915.91,41.864,160.8,2.9080220000000003,82.9,4.6975739999999995,2.74,15849.0,91.6,1
917.2,54.391999999999996,60.6,7.7621818,73.7,9.059607000000002,0.0,0.0,20.89,0
917.83,73.04,145.4,2.8185444,38.3,4.1607084,0.0,0.0,25.4,0
918.78,73.148,36.3,2.2816788,46.7,2.7738056,0.0,0.0,26.27,1
920.9570212000001,65.23695711,75.12130184,3.8911166460000004,92.48473081,5.187466809,0.0,0.0,9.161148737000001,0
917.58,63.968,161.8,0.8724065999999999,139.8,1.565858,0.0,0.0,22.38,1
923.9946532,71.86255895,227.53758969999998,2.994232455,227.5390245,3.957259197,0.0,0.0,15.61895456,0
920.5189680999999,68.66170684,55.41630533,15.95716198,74.70511718,20.64466684,0.0,0.0,14.45057228,0
914.9,72.14,89.8,1.5882273999999998,59.1,2.2816788,0.0,0.0,18.78,1
919.6439977,64.23715803,88.58946569,16.04767469,112.3313129,19.95423401,0.510196145,1510.906787,18.27250895,0
921.86,54.176,215.2,4.0712307999999995,242.5,5.5476112,0.0,0.0,20.78,1
918.7814078,75.26468359999998,291.54321719999996,2.096383108,153.09307030000002,2.803396893,0.013937082,18.58277567,22.68373007,0
922.7179767000001,72.05570529,67.91932314,6.522739585,92.21717612,8.328620917,0.0,0.64410463,12.99786028,0
918.36,56.714,49.8,1.4092722,85.8,2.013246,0.0,0.0,62.89,1
920.5630801000001,73.25469603,68.45091185,4.491629747,99.30064156,5.952553282,0.0,0.0,12.10284365,0
922.1634285,60.73776658,62.9966711,5.583109568999999,75.09161548,6.742180977,0.0,0.0,26.81209698,0
920.4,81.914,56.3,9.685950199999999,74.1,12.258431199999999,0.01,90.0,8.0,0
918.3,83.89399999999999,62.2,2.7066974,74.6,3.35541,0.0,0.0,19.12,1
918.8,80.384,189.6,1.7671826000000002,80.3,2.7738056,0.0,0.0,24.59,0
920.57,65.138,308.5,2.013246,123.5,2.7514362,0.0,0.0,17.16,0
919.63724,76.10327975,175.3678679,3.4111091460000003,43.43943164,4.85849741,0.0,0.0,26.61881505,0
918.26,82.4,211.6,2.0579848000000003,88.9,2.9527607999999996,0.0,0.0,10.76,1
916.3,63.302,184.8,6.129215599999999,201.2,7.695073599999999,0.0,0.0,13.83,1
915.6,87.314,15.5,3.2883017999999997,45.3,4.6304658,0.0,0.0,23.16,1
918.79,52.232,201.0,4.8094209999999995,214.9,6.0844768,0.0,0.0,32.08,1
918.65,73.184,174.1,8.276678,185.3,10.1557076,0.0,0.0,47.53,1
916.33,68.414,170.0,6.241062599999999,183.5,7.583226600000001,0.0,0.0,31.22,1
915.64,66.47,181.5,9.372778599999998,187.4,10.2004464,0.0,0.0,14.71,1
913.83,52.286,175.2,5.5028724,182.0,6.352909599999999,0.0,0.0,52.37,1
922.1,54.14,85.0,1.4316416,94.8,1.901399,0.04,600.0,90.84,1
915.2,66.56,48.9,4.47388,59.9,5.2120702,0.0,0.0,38.4,1
918.6,56.948,157.0,1.5434886,160.0,2.3487869999999997,0.0,0.0,64.72,1
917.1,52.088,173.8,3.2883017999999997,201.0,4.9883762,0.0,0.0,90.58,1
917.4,74.048,182.1,3.0869772,201.1,3.8922756,0.0,0.0,36.13,0
914.61,49.442,178.9,6.2858014,190.2,7.516118400000001,0.0,0.0,79.46,1
920.32,65.462,48.0,14.875651000000001,64.1,18.410016199999998,0.0,0.0,8.04,0
908.97,48.68600000000001,147.7,8.008245200000001,183.1,10.580726199999999,0.16,330.0,91.89,1
922.2399667000001,74.33019242,144.7258731,1.163097198,95.82487527,1.8335706719999998,0.0,0.0,14.73920053,0
917.18,62.833999999999996,186.3,3.2211936000000003,197.7,4.026492,0.0,0.0,36.63,1
915.3745951,72.99481725,214.89305430000002,2.200839329,231.10442609999998,2.89063635,0.006534604,49.0095322,27.03081148,0
920.9692432,69.01193103,197.2028375,4.4681674760000005,210.03705919999996,5.892788595,0.0,0.0,14.29432506,0
918.94,46.63399999999999,260.2,2.7738056,287.2,4.0041226000000005,0.0,0.0,76.02,1
917.3344109,67.00316846,66.15487161,4.738371951,79.24146525,5.786874214,0.0,0.0,18.72097432,0
915.55,73.76,182.4,9.372778599999998,193.4,10.938636599999999,0.0,0.0,31.7,0
915.7,60.512,79.1,8.231939200000001,88.3,9.4398868,0.0,0.0,16.79,1
920.8,65.084,75.5,4.0936002,92.3,5.458133599999999,0.0,0.0,8.8,0
923.63,53.744,54.4,2.8409138,87.7,4.0488614,0.0,0.0,33.72,1
918.49,69.512,149.5,1.9237683999999997,155.5,2.7066974,0.0,0.0,52.4,1
919.19,73.904,68.8,3.1988242000000002,103.8,4.4515106,0.0,0.0,11.49,0
920.59,47.803999999999995,127.6,2.2816788,156.9,2.9751302,3.71,6670.0,79.3,1
922.1314417000001,59.93227386,166.2371166,2.167788868,195.88762780000002,3.042690663,0.0,0.0,12.01768407,0
922.98,63.373999999999995,125.3,3.6462122000000003,98.6,5.4133948,0.0,0.0,15.84,0
917.4,77.234,230.7,1.8566601999999999,201.8,2.6395892000000005,3.13,2980.0,14.31,1
921.1399556,61.71375643,110.37509250000001,4.025592225,53.62885584,4.831773845,0.0,0.0,23.58245375,0
920.66,70.556,47.3,11.9228902,66.9,15.7480576,0.0,0.0,11.59,0
913.63,45.356,185.6,9.6412114,197.2,11.743935,0.09,540.0,64.9,1
915.6,70.286,121.7,1.7671826000000002,165.3,2.5277422,0.0,0.0,52.36,1
916.23,65.822,165.5,7.3371632,183.0,9.909644199999999,0.0,0.0,40.51,1
919.9806643,64.09209944,51.97141163,22.09173287,73.35195724,27.53505969,0.023570582000000003,125.1079476,12.64710564,0
921.36,47.048,46.0,11.945259599999998,67.7,15.6362106,0.0,0.0,22.52,0
912.65,68.27,123.2,1.677705,175.3,2.684328,0.0,0.0,53.18,1
919.5,79.862,97.7,1.4763803999999998,144.4,2.23694,0.0,0.0,8.48,0
923.72,58.208,191.2,4.8317904,99.5,7.493749,0.0,0.0,20.94,0
922.5730653999999,58.73324309,55.14842036,18.40590898,75.26140119,23.63748329,0.0,10.0,10.75368011,0
914.95,39.524,274.2,2.1698318,263.0,2.8632832,1.75,6160.0,91.23,1
919.7381606,67.4327443,147.4708815,1.157775334,129.98181920000002,1.899000036,0.0,0.0,15.44118585,0
920.02,81.64399999999999,209.2,1.901399,70.4,2.8856526000000002,0.0,0.0,29.46,1
922.6394891000001,72.48003163,68.51617261,5.106287101,75.84320379,5.952700857000001,0.0,0.0,10.81813497,0
917.29,78.206,51.5,7.180577400000001,68.0,9.1938234,0.0,0.0,21.87,1
914.62,66.128,172.4,7.6503347999999995,187.0,9.5964726,0.0,0.0,46.7,1
917.36,60.512,179.9,3.6462122000000003,198.5,4.5409882,0.0,0.0,74.44,1
918.9775162000001,53.63588118,47.48905237,7.650124862999999,64.48678172,9.535366157999999,0.0,0.0,23.89933272,0
918.09,68.86399999999999,54.8,16.5086172,73.4,21.2285606,0.0,0.0,16.43,0
912.99,64.58,172.6,7.0239916,183.7,8.6793272,0.0,0.0,44.78,1
919.52,62.24,294.2,2.0803542,232.8,3.1764547999999997,0.0,0.0,39.3,1
917.2,75.61399999999999,138.3,1.9461378,128.2,2.7290667999999996,0.0,0.0,62.54,1
923.27,63.553999999999995,78.9,10.558356800000002,80.2,15.099345000000001,0.0,0.0,18.67,0
923.6,51.98,307.4,2.9527607999999996,282.9,3.579104,0.0,0.0,26.22,1
917.4,45.122,215.5,8.1872004,225.4,9.6412114,0.0,0.0,91.48,1
920.57,53.6,100.1,4.6975739999999995,,6.2858014,4.712,14842.0,79.88,1
922.47,50.36,181.1,7.3371632,191.4,8.724066,0.0,0.0,82.83,1
916.25,55.67,176.4,6.666081200000001,188.2,,0.0,0.0,72.55,1
917.33,79.808,198.9,1.9908766,225.8,2.7738056,0.0,0.0,28.4,1
921.73,57.776,80.6,2.1027236,58.8,2.6619585999999997,0.0,0.0,23.93,0
922.1416622000002,66.77042766,149.64264219999998,3.602571205,178.11396330000002,5.0383491760000005,0.0,0.0,11.48071642,0
917.9848317,75.88228356,173.4286689,2.987343292,191.898915,3.683273091,0.0,0.0,13.93021141,0
917.4,69.926,197.7,4.4515106,214.6,5.6594582,0.0,0.0,70.84,1
917.4,61.916000000000004,251.8,1.7671826000000002,267.4,2.3264176,0.0,0.0,20.56,0
920.86,66.938,75.4,2.684328,89.0,3.4448876000000004,0.0,0.0,17.45,0
917.12,57.398,136.7,1.4987498,100.2,2.125093,0.0,0.0,51.03,1
920.67,66.056,137.5,1.8342908,46.8,2.4382646,0.0,0.0,12.57,0
915.5,57.632,188.2,2.4158952,203.7,3.35541,0.0,0.0,61.65,1
915.31,78.872,212.4,1.6553356,189.8,2.0803542,0.0,0.0,26.95,1
914.13,49.711999999999996,177.7,3.3777794,189.8,3.9817532,0.0,0.0,90.11,1
913.27,40.1,190.4,12.9295132,201.4,14.920389800000002,0.0,0.0,81.45,1
915.87,76.55,224.5,2.1698318,215.8,2.9080220000000003,0.0,0.0,38.72,1
919.42,53.114,199.6,5.8831522000000005,211.0,7.1358386,0.0,0.0,67.91,1
913.7,44.33,206.0,1.7448131999999998,216.5,2.4830034,1.48,4900.0,73.7,1
920.97,59.72,55.5,12.079476,73.7,14.9651286,0.0,0.0,17.82,0
921.6156983999999,76.02907552,173.82118469999998,1.3678720309999999,202.9050699,1.8401001319999999,0.0,0.0,14.78937917,0
921.17,59.342,180.8,6.822667,190.4,8.2543086,0.0,0.0,31.23,1
923.5524393999999,59.60851581,54.53203112,18.74295527,73.20677041,23.58386229,0.0,10.0,12.29807758,0
921.409125,60.84921067,43.46135747,21.3141794,54.94142903,25.60532544,0.01,51.11785752,11.83467852,0
921.4802306,59.68368863,47.12968346,16.57727206,60.80172983,20.11195953,0.0026512959999999996,42.65129609,17.09469792,0
922.8088856,68.74555103,198.2709474,4.191824642,209.19274380000002,5.236938698,0.0,0.0,11.97821747,0
921.65,62.87,56.7,10.714942599999999,77.3,13.7124422,0.0,0.0,21.11,0
923.4182873,60.4350343,52.16396102,17.74318973,66.75539768,22.62984599,0.0,16.36262181,10.43861097,0
917.69,54.824,201.1,2.125093,222.8,2.7514362,0.0,0.0,90.67,1
,42.746,251.1,12.9295132,274.4,17.604717800000003,14.627,7825.0,87.87,1
922.2663561,64.18310635,55.87245060000001,10.16769248,78.99805134,13.32638791,0.0,0.0,14.35572063,0
914.4,79.916,174.4,3.9370144,190.8,4.8988986,0.0,0.0,25.39,1
918.8654987,69.16907875,45.36711473,3.8087066710000004,82.24797775,5.44993317,0.0,0.0,14.75482484,0
915.8085372000002,73.21752188,215.62936769999996,2.179238163,232.5468761,2.867685111,0.008948747,67.11559972,28.50887012,0
920.87,42.692,209.6,5.3239171999999995,217.5,6.017368599999999,0.49,2630.0,92.1,1
920.2881549000001,75.76523686,91.57883166,1.271150431,88.19448437,1.897493631,0.0,0.0,13.22288158,0
922.9620356,62.13138749,195.1266938,4.370476525,204.8885108,5.240068616,0.0,0.0,17.92168895,0
921.02,73.706,70.9,4.115969600000001,78.0,4.7423128,0.0,0.0,9.35,0
921.22,57.523999999999994,56.0,17.940258800000002,78.1,23.711564000000003,0.0,10.0,8.62,0
921.44,61.214,200.5,5.5028724,211.2,7.091099799999999,0.0,0.0,13.32,1
917.61,73.02199999999999,42.3,4.3396636,64.2,5.59235,0.0,0.0,6.09,0
915.3,69.53,74.5,1.2974252,95.3,1.677705,0.0,0.0,23.64,1
922.5,66.74,71.4,1.901399,94.3,2.5277422,0.0,0.0,12.71,0
922.1741306,62.26758356,47.96625159,16.55276044,63.66874203,20.40892228,0.0,0.0,15.09448694,0
916.83,80.798,193.8,1.9461378,218.7,2.684328,0.08,530.0,44.38,1
925.7586492,72.55406499,52.84790635,12.34832177,69.30661872,15.15950372,0.0,0.0,15.43108526,0
912.5,57.398,123.7,2.6619585999999997,133.8,3.8699062000000004,0.0,0.0,67.2,1
917.4619004000001,55.51162424,61.02658021,7.933056318999999,73.80912517,9.239358118,0.0,0.0,20.61421094,0
909.86,54.14,159.7,18.723187799999998,187.9,24.4721236,9.05,17704.0,90.0,1
918.3553107000001,64.17368536,53.75770786,14.55859776,72.16820019,17.26493412,0.0,0.0,19.50949951,0
914.86,48.038000000000004,183.6,5.0554844,193.0,5.9949992,0.0,0.0,78.99,1
919.0,69.818,238.0,1.677705,269.3,2.1698318,0.07,270.0,69.99,1
921.61,64.868,65.3,11.766304400000001,82.0,15.211192,0.0,0.0,13.22,0
910.34,50.72,174.7,10.7820508,192.7,13.399270600000001,0.0,0.0,87.7,1
920.3347769,83.00420473,53.8869959,13.70887679,75.04058694,17.17209332,0.0,0.0,25.64781918,0
919.4,69.854,119.4,1.006623,158.7,1.9237683999999997,0.0,0.0,26.49,1
922.7024587999999,56.99410834,46.272825700000006,6.004598502,58.30156365,7.924999487999999,0.0,0.0,14.41260501,0
923.48,64.472,52.4,9.4846256,67.8,12.079476,0.05,100.0,12.0,0
916.64,68.9,195.0,2.9527607999999996,208.0,3.6685816,0.0,0.0,26.01,1
922.473233,66.63978421,71.48565452,1.991812146,94.19293185,2.631926885,0.0,0.0,12.68992472,0
920.0755911,69.34875007,45.66998109,21.1083898,63.63827344,26.65959626,0.0011944969999999999,34.15009457,15.27325813,0
916.7,69.476,302.1,2.1027236,292.8,2.9303914,0.0,0.0,19.36,1
915.4454463999999,70.61219232,215.3871566,2.003131628,121.90494509999999,2.994472967,0.0,0.0,25.16638737,0
923.634017,62.56051173,62.93070015,13.15324274,87.40077591,17.55082378,0.0,0.0,16.48667949,0
916.87,67.604,66.3,4.4067718000000005,79.2,5.346286599999999,0.0,0.0,18.75,0
917.8482865,72.35953393,174.71543219999998,2.916904476,191.97625469999997,3.5790446510000002,0.0,0.0,13.03427371,0
912.79,41.486000000000004,171.0,8.612219,204.1,11.520241,0.0,20.0,91.28,1
922.5930641000001,68.21650832,56.78078065,9.838116036,81.21720479,13.0450881,0.0,0.0,8.630765356,0
916.25,79.75399999999999,48.6,1.0737311999999999,99.8,1.5882273999999998,0.0,0.0,41.99,1
922.1,62.96,231.6,1.789552,228.8,2.5277422,0.0,0.0,11.71,0
919.32,67.532,142.6,1.0961006000000002,124.1,1.7448131999999998,0.0,0.0,16.76,0
918.38,64.166,195.8,5.0107456,205.0,5.9502604,0.0,0.0,16.3,1
919.9401108999999,76.96897212,179.5235946,4.788759632,191.55405990000003,5.717718473,0.0,0.0,19.47201277,0
918.0,60.31399999999999,187.5,4.272555400000001,207.6,5.5476112,0.0,0.0,35.83,1
920.81,59.071999999999996,181.6,9.014868199999999,186.3,9.909644199999999,0.0,0.0,20.05,0
918.9812134,79.76906271,187.8472802,2.3586146119999998,69.13012456,3.55130611,0.0,0.0,26.11100432,0
925.3,72.77,227.2,2.6619585999999997,221.8,3.5343652000000003,0.0,0.0,15.79,0
917.54,77.50399999999999,150.7,2.1474623999999998,207.0,3.4448876000000004,0.0,0.0,35.49,1
920.3048566,59.27547873,38.58008168,5.782927755,59.23580704,7.288502638,0.0,0.0,13.71033915,0
916.35,44.708,176.1,9.5293644,187.3,11.811043199999999,0.02,220.0,92.19,1
920.3726565999999,75.56837539,183.709306,3.168316887,191.7675125,3.8754700110000004,0.0,0.0,12.748223699999999,0
921.16,57.2,188.6,3.0869772,199.5,4.6304658,0.0,0.0,28.43,1
914.2,72.392,212.9,2.2593094,227.2,2.9527607999999996,0.0,0.0,23.03,0
916.72,86.936,272.0,2.1922012000000004,187.2,2.8632832,0.03,40.0,29.05,0
920.31,83.13799999999999,53.2,14.1598302,74.5,17.7389342,0.0,0.0,26.39,0
922.8831801000001,69.77771706,194.01658569999998,3.285986898,219.82870400000002,4.356205907,0.0,0.0,19.281667199999998,0
920.8,57.542,211.5,7.091099799999999,223.7,8.500372,0.0,0.0,73.17,1
914.07,47.048,319.9,3.7356898000000003,229.9,4.921268,2.03,5930.0,92.14,1
916.47,66.092,65.1,2.5724810000000002,83.1,3.3777794,0.37,2230.0,89.08,1
914.87,53.078,210.8,1.3869028,142.5,2.0356153999999997,0.0,0.0,81.4,1
915.6,76.28,188.4,1.8566601999999999,173.8,2.3711564,0.0,0.0,21.61,1
917.6,69.656,328.3,1.5211192,227.8,2.3487869999999997,0.0,0.0,13.38,0
924.3182803,71.87335584,196.9072645,5.925072383,216.1900676,7.465310917,0.0,0.0,15.26333978,0
921.7721683,47.94241404,44.66195145,12.9398806,66.83015742,17.08765891,0.0,0.0,32.68783799,0
923.87,48.361999999999995,199.9,6.1739544,217.5,7.493749,0.0,0.0,42.84,0
921.1687386,63.98410533,75.02590747,4.718126612,91.24646104,5.96482484,0.0,0.0,10.46459156,0
919.3,39.955999999999996,192.1,1.4092722,108.7,2.1922012000000004,0.26,2770.0,83.81,1
921.09,72.41,180.2,1.2750558,189.6,1.901399,0.0,0.0,17.3,0
918.2699194,53.55901829,89.81069313,5.085931369,97.3363786,7.974817452000001,0.0,0.0,18.65590535,0
917.2,75.506,177.6,7.404271400000001,182.9,8.2095698,0.0,0.0,14.35,0
920.24,74.408,173.1,6.487126,180.7,7.3595326000000005,0.0,0.0,27.88,1
918.0,59.342,175.6,5.1449620000000005,188.1,6.352909599999999,0.0,0.0,60.74,1
916.8180715,74.30292525,177.55756350000001,6.654340972000001,183.6850752,7.469132162,0.0,0.0,13.59463032,0
921.2,56.786,192.3,9.551733800000001,201.4,11.0057448,,0.0,59.79,1
920.1103502000001,74.81870794,237.45520919999998,2.361333411,239.56044559999998,3.0449618210000002,0.0,0.0,16.12995176,0
921.88,47.57,45.6,13.2203154,67.4,17.4033932,0.0,0.0,31.99,0
923.3,58.873999999999995,69.8,8.1200922,86.6,10.0214912,0.0,0.0,33.05,1
916.17,56.57,239.1,7.717442999999999,254.7,9.6635808,1.63,1860.0,70.8,1
912.4,50.773999999999994,171.6,,181.4,4.8317904,0.0,0.0,86.84,1
915.93,64.118,97.0,3.452344067,120.4,4.324750667,0.01,10.0,47.22666667,1
921.4331658,64.63477581,72.4034958,5.024051647,92.62351536,6.936517565,0.0,13.86494417,9.220569973,0
919.1250904999999,62.99067247,168.81336240000002,3.8531902469999997,191.59928180000003,5.211909552,0.0,0.0,20.875844600000004,0
919.511475,55.09340486,213.95083140000003,4.118457284,223.66538540000002,4.8332782,0.0,0.0,18.005115399999998,0
921.7634017000001,66.02246657,73.17650186,2.851264734,93.43341373,3.797460682,0.0,0.0,11.01582384,0
918.35,75.92,126.3,1.6105968000000002,169.0,2.5724810000000002,0.0,0.0,16.22,1
922.18,75.218,146.3,0.9618841999999999,95.6,1.5434886,0.0,0.0,14.65,0
918.73,53.96,184.1,5.59235,195.1,7.091099799999999,0.0,0.0,33.7,1
919.4074045,64.49647735,54.71052802,8.381485861,68.62703419,10.32079993,0.0,0.0,16.71937892,0
919.5613761,61.855719799999996,55.98878249999999,6.971292337,69.14995648,8.514192559,0.0,0.0,17.41660863,0
919.48,36.751999999999995,311.4,3.5119958,133.9,5.234439599999999,0.27,310.0,41.76,1
916.7,49.802,171.7,6.442387200000001,199.8,9.1043458,0.0,20.0,80.15,1
922.2212036000001,69.73657834,53.37770601,16.90820368,72.38752025,21.44342788,0.0,0.0,9.870100982,0
922.69,69.17,55.2,9.6412114,83.1,13.1308378,0.0,0.0,7.49,0
922.99,55.76,41.2,9.283301,66.1,12.1018454,0.0,0.0,16.82,0
922.37,56.48,110.6,1.8790296000000002,90.9,3.1764547999999997,0.02,120.0,65.54,1
920.75,49.1,179.9,7.8740288,191.4,9.4846256,0.18,250.0,91.7,1
916.37,76.748,206.7,4.0488614,215.3,4.8317904,0.0,0.0,18.53,1
917.85,53.312,178.4,1.7000743999999999,197.3,2.7066974,0.0,0.0,38.36,1
914.25,52.556000000000004,179.0,7.9635064,188.9,9.372778599999998,0.0,0.0,49.79,1
920.5677648,59.88705019,55.74994178,17.64193067,77.1206053,23.19415116,0.0,7.916181494,10.24746225,0
918.8465982000001,74.9380125,185.39586119999998,3.063335637,189.2442459,3.831911189,0.0,0.0,8.691746315,0
921.6893582999999,65.95033957,73.35507716,2.9467459480000002,93.34630383,3.9250937319999997,0.0,0.0,10.84552398,0
919.7627530999999,77.67214353,179.4192665,5.33070988,191.8554522,6.306343862,0.0,0.0,19.80702189,0
916.9,73.292,239.7,1.5211192,275.3,2.3487869999999997,0.0,0.0,35.33,1
920.2774168999999,74.36171745,199.5489821,4.599091431000001,211.7656778,5.582473139,0.0,0.0,10.93387416,0
915.47,64.94,174.4,1.2974252,219.9,1.9237683999999997,0.0,0.0,50.28,1
919.18,74.84,51.7,21.3404076,76.1,26.351153200000002,0.01,138.0,9.19,0
926.61,66.97399999999999,40.1,7.806920599999999,64.7,10.737312,0.0,0.0,17.63,0
916.51,82.22,154.2,2.2145706,81.6,3.0869772,0.0,0.0,26.74,0
920.83,66.344,,15.457255400000001,189.4,16.4862478,0.0,0.0,23.77,1
915.4,69.836,177.4,3.8699062000000004,186.6,4.7199434,0.0,0.0,10.79,0
919.2829423000001,63.33495992,44.92114613,4.419148423,80.74229227,6.230537572,0.0,0.0,16.25865948,0
924.0254996,60.10924157,54.03230641,18.82721552,71.65980432,23.47878185,0.0,10.52404247,12.90833003,0
917.04,42.13399999999999,171.3,12.415017,190.0,16.553356,0.0,0.0,83.25,1
918.0,75.74,181.7,4.9436374,193.4,6.151585,0.0,0.0,28.38,1
917.16,90.266,331.8,2.8185444,249.9,4.2949247999999995,0.0,0.0,20.71,1
912.41,47.48,61.4,8.6345884,73.4,10.647834399999999,0.1,400.0,73.83,1
914.43,74.24600000000001,176.9,4.2054472,194.4,5.1897008,0.0,0.0,19.45,0
915.89,49.802,187.3,8.4780026,198.2,10.357032199999999,0.12,360.0,92.12,1
923.6682735999999,60.30090707,52.93314942,18.1894777,68.77451724,22.97934861,0.0,13.95890805,11.45538189,0
915.0,58.01,190.1,1.2079476,246.4,2.23694,0.0,0.0,73.28,1
920.02,74.55199999999999,199.7,4.6528352,211.8,5.6147194,0.0,0.0,10.73,0
917.3189871,74.06660772,177.1700401,2.643176606,190.1902975,3.28301697,0.0,0.0,12.95510614,0
910.92,48.361999999999995,156.5,,177.5,16.1283374,4.97,10560.0,80.56,1
921.37,60.98,42.5,21.5417322,53.6,25.6353324,0.01,50.0,11.98,0
922.4489447000001,72.86377341,,3.6823696519999998,214.1961596,4.849449863999999,0.0,0.0,16.75367005,0
914.3,48.181999999999995,177.5,2.4830034,203.4,3.1764547999999997,0.0,0.0,90.97,1
921.4598436000001,77.05329522,51.78235191,5.990086111,74.5180392,8.118863436,0.0,0.0,12.93258877,0
920.5981216,53.15492763,44.82549729,5.349240348,73.4216297,7.247049116,0.0,0.0,19.31840056,0
914.1543889000001,81.51024959,125.4532936,2.651553969,141.8370439,3.416936676,0.0,0.0,20.23164433,0
922.357267,74.35871192,166.889017,4.179192563,209.9591329,6.903574224,0.0,0.0,12.49026787,0
917.3,70.08800000000001,183.7,2.6395892000000005,201.0,3.4225182000000003,0.0,0.0,36.38,1
914.79,48.272,218.6,5.6147194,171.1,8.008245200000001,0.0,0.0,90.89,1
918.94,68.81,248.2,3.35541,59.7,4.5409882,0.0,0.0,25.98,1
913.5,68.234,181.0,3.1093466,190.8,3.7580592000000004,0.0,0.0,50.48,1
921.11,41.233999999999995,197.1,17.7613036,114.7,20.356154,0.0,0.0,89.84,1
923.4,42.692,192.9,2.5724810000000002,87.3,3.467257,0.0,0.0,72.57,1
921.32,60.674,110.0,4.0936002,54.0,4.8988986,0.0,0.0,23.77,0
920.92,74.21,60.9,8.4556332,76.3,10.6702038,0.0,0.0,15.74,0
916.62,46.922,186.6,8.366155599999999,192.5,9.5741032,0.0,0.0,70.61,1
912.39,41.522,35.3,3.8475367999999994,50.5,4.5633576,6.025,14342.0,86.74,1
918.9445621,62.35351331,165.6275666,3.512705065,189.1214407,4.657631348,0.0,0.0,23.29704941,0
916.28,71.69,185.2,4.026492,200.0,4.7423128,0.0,0.0,43.06,1
913.66,80.204,146.6,2.3040482000000004,145.3,3.0646077999999997,0.01,30.0,28.26,1
921.34,70.016,100.1,2.23694,148.2,3.3106712,0.0,0.0,6.29,0
919.5,68.738,228.7,4.138339,247.3,5.4133948,0.0,0.0,15.03,0
917.9,76.80199999999999,154.1,2.5501116,199.4,3.4001487999999997,0.0,0.0,30.31,1
925.3,70.46600000000001,64.6,6.7331894,72.3,7.9411369999999994,0.0,0.0,13.23,0
915.97,63.733999999999995,205.7,2.3935258,220.3,3.0869772,0.0,0.0,87.25,1
918.4,78.422,257.4,1.7671826000000002,277.4,2.3040482000000004,0.0,0.0,28.73,1
922.2,45.68,285.7,2.2816788,281.5,3.3106712,0.0,0.0,20.11,1
919.78,65.498,184.3,2.3040482000000004,81.3,2.8409138,0.0,0.0,36.24,1
919.8881282,68.68782209999999,228.5177299,3.96085768,247.9540281,5.1855471589999995,0.0,0.0,14.49283919,0
916.04,62.132,50.2,3.7580592000000004,63.9,4.6752046,0.0,0.0,26.11,1
921.36,50.45,218.5,9.014868199999999,229.2,10.468879199999998,0.22,1070.0,80.6,1
914.9,53.942,164.5,4.0041226000000005,185.2,4.9883762,0.0,0.0,75.77,1
922.4126587000001,64.01853693,127.9816953,3.2509161189999998,102.5527878,4.844723245,0.0,0.0,15.98261038,0
916.03,62.51,186.5,6.2186932,191.8,6.822667,0.0,0.0,31.85,1
911.9,59.071999999999996,199.8,1.2750558,239.5,1.8342908,,0.0,77.63,1
917.44,64.778,34.6,19.1705758,62.4,25.8590264,0.11900000000000001,681.0,13.31,0
918.3268845000001,74.36302054,70.44776604,3.7517172660000004,101.9168388,5.206253515,0.0,0.0,10.44641484,0
909.19,46.49,111.3,2.7738056,29.5,3.8922756,0.0,10.0,48.85,1
921.0566467,58.08519069,60.32354005,4.203757727,71.91681801,5.01394453,0.0,0.0,21.93489479,0
916.0,58.136,178.6,11.4531328,188.5,13.846658600000001,0.0,0.0,36.26,1
919.7,76.208,31.2,1.0737311999999999,74.0,1.5211192,0.0,0.0,15.24,0
915.89,82.4,210.7,0.9171454,220.5,1.4316416,0.0,0.0,22.98,1
921.1602912999999,75.18941772,225.5375403,2.17327441,250.6381519,2.917762771,0.035138441,263.5383054,43.57119848,0
921.35,61.808,64.9,7.605596,79.6,9.5964726,0.0,0.0,18.47,0
923.6,65.03,62.3,7.091099799999999,75.1,8.4108944,0.0,0.0,20.86,1
920.7012114,73.85313148,61.19171814,8.236906106000001,76.45666344,10.3825958,0.0,0.0,15.90260585,0
916.3,73.922,223.6,1.5882273999999998,240.1,2.3040482000000004,0.0,0.0,13.67,1
919.3,63.608000000000004,171.9,4.1830777999999995,194.0,5.7489358,0.0,0.0,18.53,0
923.9,62.69,95.4,2.9527607999999996,74.1,4.6304658,0.0,0.0,30.84,1
913.7,98.906,192.7,2.125093,53.4,3.35541,0.0,0.0,11.49,1
921.17,70.322,52.1,17.694195399999998,70.5,22.1904448,0.0,0.0,9.42,0
923.349127,48.61116093,46.68734576,14.14179401,67.60118229999999,18.17721691,0.0,17.94465382,17.20328308,0
917.01,51.836000000000006,130.2,1.6105968000000002,159.9,2.3487869999999997,0.0,0.0,70.01,1
920.7374477,70.92035517,41.53551279,5.544515243999999,64.37374709,7.380194375,0.0,0.0,10.10008289,0
917.4,70.736,187.0,1.1855782,220.7,1.7224438000000002,0.0,0.0,39.45,1
920.86,42.13399999999999,177.4,8.3214168,192.6,10.580726199999999,0.0,0.0,92.31,1
920.9352433,64.8842063,47.92704625,15.011645300000001,64.31886125,18.62760708,0.0,0.0,9.895457057,0
917.8287728,80.83583716,117.27338999999999,2.774862772,46.80317197,3.597287633,0.0,0.0,20.13330499,0
916.0,81.518,98.4,1.7000743999999999,99.6,2.5053728,0.0,0.0,21.36,1
923.8916608,56.98687988,51.38338334,13.33987076,67.7590757,17.496242600000002,0.0,0.0,17.60882962,0
922.9701664999999,51.39184697,33.81094226,,59.29008856,11.11155532,0.0,4.735033634,34.80775347,0
913.5,56.336000000000006,221.9,2.2145706,254.4,2.9527607999999996,0.0,0.0,74.33,1
916.18,49.568000000000005,181.6,7.2476856,191.0,8.9253906,0.0,0.0,83.62,1
918.2739688999999,55.58358679,47.85212764,6.503472883,63.63130116,7.912205077,0.0,0.0,24.38384619,0
913.49,65.39,172.3,2.6395892000000005,187.5,3.4448876000000004,0.0,0.0,51.06,1
910.57,46.562,181.0,15.658579999999999,190.8,18.812665399999997,0.01,20.0,89.88,1
917.8951297,76.80469009,104.7710204,1.6327049340000002,97.17876295,,0.0,0.0,13.77131052,0
922.3528759999999,69.39881071,69.95425257,6.147785058999999,91.61745076,7.738438622,0.0,0.0,12.7296686,0
919.1,87.602,275.7,2.1027236,133.6,3.2659324,0.0,0.0,14.57,1
917.21,82.742,171.6,2.7738056,204.3,3.6238428,0.0,0.0,24.62,1
916.8245105000001,86.67660439,118.66643710000001,2.359806477,45.91920387,3.17288152,0.0,0.0,18.15816846,0
917.1,61.501999999999995,189.1,3.7356898000000003,197.5,4.3396636,0.0,0.0,32.68,1
917.07,47.102,162.2,4.5409882,184.1,6.487126,0.0,0.0,69.87,1
920.1,58.82,134.5,1.7224438000000002,137.8,2.6619585999999997,0.0,0.0,54.67,1
916.48,72.122,170.6,4.6975739999999995,182.7,5.8607828,0.0,0.0,36.26,1
924.51,71.906,196.7,6.6437118,217.9,8.276678,0.0,0.0,15.81,0
920.1,45.86,141.3,1.5211192,180.6,2.23694,0.239,1786.0,72.66,1
913.05,50.053999999999995,174.3,5.5028724,188.6,6.777928200000001,0.0,0.0,58.79,1
919.17,79.988,167.0,5.0778538,183.7,6.6437118,0.0,0.0,22.24,1
921.1593821,66.43582854,207.4289011,2.868671135,232.39112039999998,3.823486295,0.469525894,1455.972373,44.42683702,0
924.46,53.456,179.3,3.8922756,201.6,5.2120702,0.0,0.0,25.21,1
920.7591399,66.68754823,197.9342196,4.171357793,210.51764159999996,5.050586421,0.0,0.0,13.59904279,0
918.21,49.856,89.5,5.5476112,99.6,8.992498800000002,0.0,0.0,18.09,0
914.0271982,73.21899786,219.43325819999998,1.500595219,125.443514,2.203273713,0.0,0.0,25.56141102,0
921.264866,76.37283607,226.3566991,1.909191129,249.38778100000002,2.580273129,0.039732047,293.0332248,47.02509101,0
921.31,61.34,48.1,7.7845512,55.8,9.1043458,0.0,0.0,35.42,1
914.9,75.02,167.2,4.1830777999999995,180.7,5.3910254,0.0,20.0,38.72,1
919.37,65.138,54.4,8.724066,68.5,10.7596814,0.0,0.0,16.55,0
914.46,76.874,113.6,1.2974252,132.0,2.0803542,0.0,0.0,56.39,1
919.9018072,72.98237106,56.40546185,6.80400791,73.66729587,8.417063264,0.0,0.0,12.52558362,0
924.5712602,60.42124026,161.7688273,1.9954691619999998,167.0977389,2.984585085,0.0,0.0,10.01870967,0
917.4852323999999,83.63697420000001,199.3531854,1.6709298469999998,94.16482241,2.6882475980000002,0.0,0.0,18.99148033,0
919.43,60.583999999999996,77.6,2.1474623999999998,96.1,3.7580592000000004,0.0,0.0,21.42,1
914.21,64.472,99.1,11.967628999999999,110.7,14.1598302,0.008,34.0,44.44,1
923.8,55.13,55.2,3.019869,47.1,3.8475367999999994,0.0,0.0,69.07,1
917.9,51.386,219.0,5.5699806,240.8,6.979252799999999,0.0,0.0,69.06,1
915.22,73.292,148.3,1.789552,198.5,2.9080220000000003,0.0,0.0,41.4,1
923.47,53.06,29.9,4.4291412,60.7,6.4647566,0.0,0.0,31.8,1
920.8111689,74.48397320000001,204.4837355,4.456796087,220.88895440000002,5.6022333070000006,0.0,0.0,21.98094551,0
921.05,61.448,189.0,8.7911742,197.3,10.289924000000001,0.0,0.0,27.63,1
920.8277336000001,62.18403182,66.06439726,7.437057441,80.09658119,9.328343075,0.0,0.0,16.80217215,0
915.5769392999999,73.75343537,182.3893021,9.333401902,193.3815218,10.89469134,0.0,0.0,31.6299773,0
915.7,72.59,186.2,3.4001487999999997,196.8,4.115969600000001,0.0,0.0,32.72,1
922.73,72.23,67.9,6.5318648,92.2,8.3214168,0.0,0.0,13.07,0
919.11,55.166000000000004,201.5,3.802798,235.2,4.7423128,0.0,40.0,25.98,1
920.8976623,66.52878596,198.1221801,4.079293338,210.71524879999998,4.842643817,0.0,0.0,13.38270966,0
916.5,85.586,121.1,1.2974252,80.6,1.7448131999999998,0.0,0.0,15.92,0
916.3,68.774,67.6,4.115969600000001,79.0,5.1897008,0.0,0.0,42.5,1
921.55,45.338,183.5,7.0239916,193.2,8.299047400000001,0.53,2940.0,91.1,1
916.2,84.488,42.8,4.5633576,63.0,5.7489358,0.0,0.0,19.4,1
918.4,57.56,163.5,3.1540854,211.5,4.362033,0.0,0.0,27.19,0
919.3224912999999,72.20937256,181.438639,2.716911681,186.7866077,3.355286711,0.0,0.0,12.34120722,0
916.2,82.814,55.0,6.956883400000001,91.5,9.4398868,0.0,0.0,48.92,1
919.7,72.014,178.8,5.3015478,196.2,6.777928200000001,0.0,0.0,36.73,1
915.1,57.038000000000004,186.9,4.115969600000001,201.6,4.9436374,0.0,0.0,90.93,1
920.51,47.983999999999995,133.4,2.013246,151.0,3.3106712,0.0,0.0,90.39,1
919.8715514,65.66748194,81.66297793,3.842941803,91.13943922,5.037385576,0.0,0.0,13.53828952,0
917.9234418,73.24971734,42.10173864,4.132697506,64.28496916,5.345257827,0.0,,6.939691552999999,0
922.5429891000001,67.90605742,198.4842334,4.28088479,208.6097621,5.262384453999999,0.0,0.0,11.50187879,0
922.31,58.946000000000005,200.8,3.5343652000000003,223.0,4.6528352,0.75,3910.0,47.96,1
921.5575399,64.25058522,65.21929219,10.926800199999999,81.51575311,14.07831267,0.0,0.0,14.27929006,0
917.9,82.88600000000001,46.8,3.8922756,77.4,5.1225926,0.0,0.0,41.67,1
921.72,59.81,51.1,19.5061168,65.6,25.3668996,0.01,60.0,10.68,0
919.9075787,63.85844458,74.02888669,7.894795237,81.75605009,10.31704128,0.0,0.0,11.94515746,0
921.24,71.78,216.4,1.6105968000000002,171.4,2.5724810000000002,0.0,0.0,16.83,0
918.4,51.602,209.6,2.5724810000000002,228.0,3.2211936000000003,0.0,0.0,87.99,1
920.7362227,42.70311605,146.668859,8.07323772,168.0068206,10.44128817,1.302200461,3662.002663,34.11027705,0
918.13,49.316,308.1,10.2004464,184.4,13.086099,0.04,200.0,88.48,1
917.65,82.436,108.0,2.2145706,62.8,2.8409138,0.0,0.0,7.13,0
919.88,61.501999999999995,192.2,10.916267199999998,201.7,12.5716028,0.0,0.0,20.22,1
916.76,87.008,119.5,2.3711564,44.6,3.1988242000000002,0.0,0.0,19.02,0
918.7,47.786,189.4,2.3264176,202.1,2.8185444,0.12,410.0,91.71,1
925.3050896999999,57.09312964,52.66310334,15.40276692,68.35462045,19.95316567,0.0,3.579311096,17.85122729,0
920.14,64.058,50.4,4.2054472,62.0,5.0107456,0.0,0.0,23.78,1
918.0,66.758,171.6,5.704197,180.3,6.7555588,0.0,0.0,54.21,1
920.35,46.868,181.3,7.4266407999999995,193.7,9.238562199999999,5.56,5820.0,91.24,1
916.3,83.012,198.0,4.362033,210.9,5.4357642,0.0,0.0,35.42,1
916.51,75.47,137.7,1.0513618,180.5,1.6105968000000002,0.0,0.0,26.94,1
917.4,69.278,169.1,1.5882273999999998,174.5,2.2145706,0.0,0.0,22.24,1
920.225446,75.24016923,213.62764159999998,3.0161650339999997,222.4786179,3.8717046610000003,0.0,0.0,23.27741773,0
921.591558,58.75454853,90.52730392,2.7749697589999998,57.17921569,3.417291363,0.0,0.0,23.87597386,0
915.47,79.538,68.0,2.9974996,88.4,3.8475367999999994,0.0,0.0,44.79,1
917.01,41.0,150.4,3.9146449999999997,55.4,6.151585,2.69,6440.0,65.34,1
912.06,52.034,186.3,2.3487869999999997,141.2,3.1540854,0.0,0.0,88.01,1
914.8,71.294,69.1,2.0803542,61.5,2.9080220000000003,0.0,0.0,24.38,1
921.2694426,54.15816918,50.73550454,4.925063874,65.81127139,6.259874087999999,0.0,0.0,19.66515337,0
920.1920294,67.32501281,152.75770490000002,1.224716693,136.36590780000003,2.066353433,0.0,0.0,14.00975348,0
921.4,63.05,223.2,1.3197946000000003,185.0,1.8790296000000002,0.0,0.0,40.7,1
921.52,59.216,48.8,14.7861734,63.4,18.119214000000003,0.0,40.0,18.94,0
921.9752196000001,67.32097329,55.76784829,16.96224014,70.63471916,20.99143952,0.0,0.0,15.99216387,0
915.9,69.134,115.2,1.9908766,110.3,2.7738056,0.0,20.0,71.73,1
916.2303005000001,62.72080284,46.65157796,9.514091966,66.39413454,12.09017225,0.0,0.0,28.27236211,0
916.1,69.512,189.6,7.471379600000001,197.0,8.5674802,0.0,0.0,30.25,1
917.7,59.431999999999995,90.2,1.6553356,120.8,2.3487869999999997,0.0,0.0,23.57,1
921.5597539999999,70.94586688,166.2129201,3.9751366210000003,210.3031235,6.396812113999999,0.0,0.0,15.45263103,0
919.85,77.36,235.2,1.8790296000000002,222.8,2.5053728,0.0,0.0,43.76,1
920.7366407,69.53207696,183.1266552,4.019666293999999,189.55522150000002,4.802682416000001,0.0,0.0,14.59236486,0
915.14,59.81,168.8,6.442387200000001,176.5,7.516118400000001,0.0,0.0,41.07,1
918.26,49.891999999999996,72.7,4.4291412,109.2,7.3371632,0.02,167.0,35.18,1
921.4142774000001,62.56449595,64.99888836,8.634210067,80.19333016,10.98454857,0.0,0.0,17.17209029,0
916.63,81.266,128.1,1.006623,135.3,1.5882273999999998,0.0,0.0,23.33,1
918.88,60.476000000000006,42.5,9.5964726,31.8,14.405893599999999,0.0,0.0,89.9,1
915.6256331000001,77.30113675,209.22227969999997,1.7601528380000002,233.5223731,2.398142398,0.0,0.0,20.40600856,0
921.5915674,59.42855507,49.62302467,16.47514291,64.18724099,20.71270273,0.0035783679999999997,47.15673629,15.98426791,0
919.12,79.34,167.2,1.4987498,168.8,2.125093,0.0,0.0,35.09,1
924.11,55.184,212.3,3.6685816,226.6,4.6752046,0.0,0.0,48.68,1
917.94,46.61600000000001,208.2,4.6752046,221.4,5.5476112,0.0,0.0,85.75,1
918.57,76.046,209.2,3.131716,222.7,3.9817532,0.0,0.0,25.72,0
917.41,79.988,166.9,4.8765292,176.9,5.8831522000000005,0.0,0.0,26.1,1
918.0437667000001,,181.7740415,0.96437611,185.61860080000002,1.57000733,0.0,0.0,11.91122248,0
918.37,72.932,184.5,2.013246,186.7,2.7738056,0.0,0.0,8.81,0
920.2171056,56.64583782,73.92055451,3.992825728,63.77618689,4.798595788,0.0,0.0,22.91472429,0
919.2886585000001,77.34951429,165.8749224,1.420641655,198.5485033,1.9694768669999998,0.0,0.0,19.44743016,0
921.4,75.236,60.9,4.026492,76.0,4.921268,0.0,0.0,15.06,1
921.6133725,68.65897257,70.70355546,2.248931575,96.8447012,3.043049121,0.0,0.0,12.38320679,0
916.45,46.022,194.8,5.1449620000000005,207.8,6.1739544,0.0,0.0,78.01,1
916.0,61.016000000000005,180.6,5.905521599999999,194.8,6.934514,0.0,0.0,50.77,1
915.25,37.562,246.5,11.5873492,258.7,,3.1710000000000003,2891.0,91.0,1
920.9797792999999,71.47359193,37.72825185,2.7274539019999997,64.73351975,3.7780718039999996,0.0,0.0,20.82159782,0
920.9861865,57.07364499,71.73927129,2.8210045910000003,63.47423762,3.425700413,0.0,0.0,21.90585188,0
921.6204731,75.36562384,178.0610914,1.886436685,203.35699069999998,2.425440266,0.0,0.0,13.17181298,0
919.72,73.4,109.9,1.8566601999999999,83.7,2.5724810000000002,0.01,80.0,56.8,1
917.3,73.184,178.6,4.6752046,183.7,5.256809,0.0,0.0,36.57,1
920.1,52.97,43.3,5.3910254,77.5,7.4490102,0.0,0.0,19.06,0
921.0380775,51.35500803,46.52749516,16.54189347,59.7337275,21.03101747,0.0,19.02647628,11.59549903,0
919.55,39.524,212.4,12.3926476,217.1,13.5111176,5.06,10329.0,91.7,1
916.2583087000002,74.59301339,181.8524297,8.768240115,193.18803730000002,10.23926855,0.0,0.0,29.66692448,0
919.33,53.942,163.9,1.6105968000000002,203.9,2.2816788,0.21,610.0,72.67,1
920.6676177,68.39534226,196.1648157,4.146405853,212.35359810000003,5.489133822,0.0,0.0,15.91576507,0
917.8957323999999,74.83131615,282.2971898,1.937641569,229.27866180000004,2.64280279,0.0,0.0,17.07665439,0
919.0654083999999,,172.30372780000002,2.639599713,193.05814080000002,3.326949412,0.0,0.0,12.49783852,0
918.1749556,73.22148689,183.610324,1.6458333459999999,186.2209437,2.352811934,0.0,0.0,9.723628837,0
917.4474729,75.70030204,147.95018059999998,2.64351687,50.84804773,3.849548346,0.0,0.0,25.78832296,0
922.82,55.093999999999994,59.9,2.7514362,75.8,3.4448876000000004,0.0,0.0,35.21,1
920.71,50.413999999999994,45.7,16.284923199999998,58.4,20.7588032,0.0,20.0,11.43,0
925.1728083999999,72.08517344,229.8498258,2.620778064,222.44153680000002,3.4732183439999997,0.0,0.0,15.34482926,0
914.49,77.738,44.8,9.506995,54.3,10.8715284,0.0,0.0,23.11,1
923.77,71.78,197.5,3.8699062000000004,211.3,5.1449620000000005,0.0,0.0,13.7,0
,45.104,259.0,3.2659324,275.0,4.026492,0.0,80.0,85.27,1
916.42,46.562,168.0,7.0239916,182.9,9.462256199999999,0.573,1105.0,85.63,1
917.61,69.296,228.0,2.0356153999999997,263.0,2.6619585999999997,1.8,5510.0,66.77,1
918.2,89.204,225.5,1.1855782,265.0,1.7671826000000002,0.0,0.0,26.57,1
916.69,79.214,18.4,1.6553356,66.4,2.4830034,0.0,0.0,21.47,1
911.27,59.828,218.3,2.2593094,235.9,2.9751302,0.0,0.0,86.73,1
918.1250622000001,68.24414977,54.66225551,16.25091168,73.23721105,20.70474611,0.0,0.0,16.83697237,0
918.46,79.44800000000001,177.9,2.9303914,187.6,3.4896263999999997,0.05,140.0,29.46,1
916.0291752,87.13618305,211.48835930000004,1.57681889,110.29223950000001,2.589369955,0.0,0.0,12.62275271,0
925.2776612,66.46657459,49.4049391,11.22885388,77.8993463,15.34401109,0.0,0.0,13.93273829,0
916.4,48.038000000000004,264.7,4.026492,299.2,5.8607828,0.0,0.0,44.62,1
911.6,42.638000000000005,292.8,1.9685072,247.0,2.6619585999999997,17.616,8330.0,90.23,1
915.29,50.611999999999995,153.8,4.4515106,185.3,7.202946799999999,0.0,0.0,62.46,1
923.860559,58.27301474,53.28214924,14.09544371,69.92717605,18.39146099,0.0,0.0,19.31229133,0
918.6,64.382,177.1,2.460634,190.7,3.0646077999999997,0.0,0.0,34.98,1
918.84,68.954,45.8,3.8922756,82.5,5.5699806,0.0,0.0,14.74,0
919.39,67.064,170.8,5.458133599999999,190.5,6.8674058,0.0,0.0,20.18,1
918.7,69.422,161.1,0.782929,193.6,1.1855782,0.0,0.0,18.18,0
913.0,52.321999999999996,174.8,5.9502604,184.5,7.270055,0.0,0.0,79.91,1
915.82,62.492,45.3,8.5674802,65.3,11.1399612,0.0,0.0,29.92,0
920.7911244,59.07781766,55.83557485,17.7440939,77.4560015,23.3713405,0.0,8.629790423,9.690133679,0
913.93,81.752,120.9,2.9080220000000003,141.1,3.7356898000000003,0.0,0.0,20.42,0
920.28,74.03,120.9,2.23694,119.8,2.8856526000000002,0.0,0.0,13.48,0
916.26,69.008,68.6,2.7066974,79.5,3.2659324,0.0,0.0,42.79,1
920.8629104,74.01465699,210.7392472,1.573645191,254.0067445,2.324653549,0.0,0.0,12.01012198,0
915.1048527999999,80.66103183,214.4076574,1.53536419,116.84300139999999,2.41188754,0.0,0.0,18.80534566,0
919.2351526000001,65.95111244,194.3433329,2.9420186860000004,216.5697924,3.658810375,0.0,0.0,14.07350355,0
914.96,66.77600000000001,172.7,4.9883762,183.0,5.816044000000001,0.0,0.0,27.4,1
916.83,64.994,189.4,9.0819764,195.5,10.446509800000001,0.0,0.0,24.86,1
922.6501404999999,59.81180172,194.3272817,4.466058582,102.3968504,6.912014498,0.0,0.0,21.48645133,0
916.08,61.286,155.4,1.9685072,191.4,2.684328,0.0,0.0,62.12,1
921.7270335000001,61.24961743,56.50145114,10.2417653,76.77391164,13.12279004,0.0,0.0,17.91855208,0
914.6210615,74.40354197,176.9893855,4.27043096,194.3180633,5.256350811,0.0,0.0,19.47756053,0
920.3404306,67.28122262,196.6933746,4.6392438039999995,209.0231593,6.060625339,0.0,0.0,15.25367544,0
923.394624,62.23103922,44.93116628,15.00517547,63.52097477,19.2648777,0.0,0.0,10.9409164,0
920.6989015,50.96480352,45.11336413,16.04374939,59.43057653,20.54954946,0.0,18.41449765,12.64766581,0
917.1,43.592,211.0,8.276678,220.8,9.4398868,0.0,0.0,92.34,1
925.2785355000001,58.09476625,52.60620283,18.25424942,68.40239058,22.74210607,0.0,10.0,14.55166707,0
918.6,87.44,40.9,3.4001487999999997,53.5,4.4067718000000005,0.0,0.0,12.11,0
918.6,40.28,163.8,3.1540854,198.2,4.5186188,0.0,0.0,39.77,1
918.3215747000002,71.83114162,144.0325915,2.648180251,39.77126235,3.862571139,0.0,0.0,23.1792593,0
917.33,73.202,106.6,1.3869028,147.7,2.013246,0.0,0.0,36.7,1
917.18,49.19,146.5,1.565858,150.5,2.3264176,0.0,0.0,91.11,1
919.9,70.484,46.1,21.049605399999997,65.0,26.798541200000003,0.0,32.0,15.72,0
921.17,69.548,37.1,2.3487869999999997,65.1,3.3330406000000004,0.0,0.0,18.97,0
921.3,46.238,231.1,3.3330406000000004,253.0,4.8094209999999995,0.0,0.0,73.93,1
925.29,68.36,39.9,14.070352599999998,55.9,19.5284862,0.0,0.0,13.99,0
918.8455662999999,80.22937326,189.1592764,1.915898906,77.4913211,2.9693090580000003,0.0,0.0,24.972458399999997,0
920.7675706,51.41195136,35.92276845,10.32725349,61.52130794,14.14616965,0.0,0.0,39.18913674,0
915.07,58.04600000000001,186.2,7.695073599999999,195.6,8.992498800000002,0.0,0.0,55.2,1
918.67,71.99600000000001,177.2,2.7290667999999996,197.3,3.5567346,0.0,0.0,32.59,1
920.4238629,70.86005799,198.9739544,4.388915618,211.30084359999998,5.25944304,0.0,0.0,11.95066421,0
920.8284136,69.81576332,48.63164271,12.81653165,65.17669767,16.25620666,0.0,0.0,13.93604113,0
913.77,49.424,175.8,12.5716028,185.3,15.367777800000002,0.0,0.0,83.06,1
918.68,64.868,115.0,1.2750558,149.8,1.789552,0.0,0.0,90.67,1
922.17,64.112,68.8,6.1068462,93.0,8.6569578,0.0,30.0,9.71,0
916.07,77.666,198.1,2.3264176,216.7,3.0646077999999997,0.39,900.0,28.45,1
920.3001675,66.95311021,49.23856871,21.41819687,62.80300191,25.81563062,0.0,38.27713741,13.02867733,0
919.73,67.118,206.3,2.5053728,229.8,3.2659324,0.0,0.0,64.08,1
915.5,70.08800000000001,178.9,5.9502604,190.6,7.1358386,0.0,0.0,35.59,1
920.65,51.818000000000005,34.9,10.0214912,60.9,13.8019198,0.0,0.0,39.95,0
914.83,85.46,120.5,1.4316416,132.8,2.23694,0.0,0.0,18.15,0
917.81,73.76,213.4,1.6105968000000002,239.7,2.1474623999999998,0.0,0.0,30.67,1
912.9,37.04,303.7,4.272555400000001,291.5,5.8607828,22.022,9974.0,92.62,1
919.4,77.738,200.2,0.9842536,254.4,1.7000743999999999,0.0,0.0,13.3,0
915.01,60.602,179.8,6.352909599999999,194.5,7.6727042,0.0,0.0,51.96,1
922.9,71.078,151.8,3.1540854,182.4,4.384402400000001,0.0,0.0,23.79,0
915.13,62.15,180.2,3.7356898000000003,197.0,4.496249400000001,0.0,0.0,73.0,1
920.6323543999999,78.02312026,55.38466456,11.41455531,72.6037786,14.56586307,0.01,84.71921859,8.471749806,0
919.4911332999999,68.80559524,228.8017058,4.126234313,247.1904707,5.396914925,0.0,0.0,15.06324997,0
917.0,77.86399999999999,234.7,1.1632088,250.0,1.6105968000000002,0.0,0.0,30.82,1
918.79,61.808,162.9,3.2211936000000003,187.0,4.1830777999999995,0.0,0.0,25.37,0
920.41,65.984,50.1,21.5193628,62.2,25.5458548,0.0,40.0,12.29,0
920.9927572999999,63.48552228,163.56912319999998,1.4010103930000002,195.12850490000002,2.01407028,0.0,0.0,13.92370185,0
911.68,62.87,180.2,11.0057448,186.9,12.7729274,0.0,0.0,26.26,1
920.18,53.294,60.0,5.234439599999999,41.2,6.352909599999999,0.0,0.0,80.15,1
919.7,72.428,241.6,1.342164,287.6,2.0803542,0.0,0.0,48.59,1
923.0518734,68.19432232,227.295374,2.474477801,253.56674339999998,3.2768455260000002,0.0,0.0,10.14553395,0
922.4,47.696000000000005,170.7,2.5277422,172.1,3.5119958,0.0,0.0,88.26,1
915.39,71.42,183.0,2.1698318,207.7,2.684328,0.0,0.0,40.34,1
914.8,67.658,193.3,1.6105968000000002,221.2,2.23694,0.0,0.0,30.27,1
920.971398,68.25382288,192.1543755,2.248278623,221.68018700000002,3.125880545,0.0,0.0,18.64205295,0
920.8443243999999,69.74583004,48.75744861,12.90095773,65.01389003,16.30421365,0.0,0.0,14.15768153,0
922.18,70.10600000000001,62.1,3.6238428,72.9,4.0488614,0.0,0.0,16.12,0
914.0,73.454,173.7,4.5409882,181.1,5.279178400000001,0.0,0.0,33.74,1
924.29,62.33,43.1,2.3040482000000004,61.8,2.8632832,0.0,0.0,35.77,1
918.8942298000001,64.7344245,171.52775269999998,2.882002313,191.2589731,3.6886151660000004,0.0,0.0,10.86279645,0
918.0,82.36399999999999,109.4,1.8119214,162.4,2.6395892000000005,0.0,0.0,26.92,1
923.12,68.27,227.0,2.4830034,253.4,3.2883017999999997,0.0,0.0,10.02,0
922.8727888000001,62.77940833,45.45201867,14.98319216,63.6192488,19.11978784,0.0,0.0,10.44856349,0
916.14,84.02,37.5,2.5053728,48.7,2.9080220000000003,0.0,0.0,13.74,0
919.0095905,62.58302534,166.7751267,3.635351726,190.01398740000002,4.857288702,0.0,0.0,22.42490372,0
920.0956776,53.80033018,212.84840519999997,4.366221857,223.0099597,5.131371245,0.0,0.0,19.817551899999998,0
919.0907963999999,74.90201928,221.19870869999997,2.0158508630000003,243.45730640000002,2.6940861039999997,0.027208881,204.0666078,39.68863741,0
924.67,59.918,163.2,1.7448131999999998,165.6,2.6619585999999997,0.0,0.0,9.9,0
914.97,67.046,191.9,3.2883017999999997,203.2,3.8475367999999994,0.0,0.0,26.47,1
917.7350114,81.78333547,123.98854340000001,2.2372817030000003,45.14859975,3.0091683789999997,0.0,0.0,17.41160528,0
922.6,59.324,165.3,1.8342908,196.2,2.5948504,0.0,0.0,10.94,0
918.1087301000001,66.61972521,207.60217350000002,2.9135760019999997,114.69359229999999,4.4426294539999995,0.0,0.0,23.80606401,0
916.32,70.016,192.0,3.6238428,201.4,4.362033,0.0,0.0,66.79,1
920.8239102,66.57096157,198.0053959,4.1283692180000005,210.5959355,4.956648424,0.0,0.0,13.52217246,0
916.99,75.074,73.0,4.608096400000001,99.0,6.375279,0.0,0.0,8.83,0
919.7,73.814,227.0,1.4092722,255.4,1.901399,0.0,0.0,33.59,1
922.5720648,60.67166385,139.8773847,3.0525982330000003,145.6403145,4.794793953,0.0,0.0,18.93901661,0
922.12,55.58,51.9,14.294046599999998,72.2,19.01399,0.0,0.0,19.19,0
920.61,65.03,191.2,2.5501116,194.7,3.7580592000000004,0.0,0.0,20.03,0
915.6,69.206,178.7,2.5724810000000002,183.0,3.243563,0.0,0.0,38.57,1
917.0,44.636,174.2,10.088599400000001,186.7,12.7281886,0.76,1500.0,91.8,1
919.2879854,76.70823367,166.7974124,1.3029474140000001,199.3061122,1.814130286,0.0,0.0,19.35192879,0
917.64,77.846,186.9,3.6238428,194.8,4.115969600000001,0.0,0.0,30.76,1
920.7155319,62.81579151,116.13128090000001,3.872760504,51.28075961,4.7710440389999995,0.0,0.0,24.05231604,0
920.0918029999999,75.66404848,90.88091145,1.154953712,91.80116617,1.751028257,0.0,0.0,13.83389187,0
919.0,63.464,96.0,0.782929,105.0,1.230317,0.0,0.0,28.43,1
922.3027742,69.02818204,197.80780959999998,3.973188946,210.9921904,4.984299951000001,0.0,0.0,13.55635551,0
921.5,62.996,74.6,5.279178400000001,90.3,6.4200178,0.0,0.0,11.96,0
921.86,38.588,209.9,3.579104,172.2,4.3396636,18.08,15800.0,81.82,1
919.7,78.53,187.0,4.9436374,193.8,5.7265664,0.0,0.0,8.48,0
916.04,51.818000000000005,177.8,4.0936002,189.8,4.7646822,0.0,0.0,77.49,1
926.52,65.516,56.9,17.492870800000002,67.4,20.714064399999998,0.0,0.0,15.48,0
916.1,82.454,180.7,3.5567346,210.8,5.3015478,0.0,0.0,19.34,0
918.3000615,55.42180155,89.96698563,4.853685835,96.19767615,7.4628783720000005,0.0,0.0,18.94058096,0
920.8027258,72.89100069999999,99.39920763,2.0148590140000002,147.0904121,2.9971451030000003,0.0,0.0,6.9294730389999994,0
919.721008,70.23498504,118.16158700000001,3.3255097910000004,161.67600280000002,4.964459921,0.0,0.0,18.78337755,0
913.64,74.516,219.4,1.8566601999999999,229.3,2.2816788,0.0,0.0,37.53,1
921.6458395,65.7349581,266.1396558,2.024552486,232.5115472,2.564244708,0.0,0.0,11.27919212,0
917.73,76.13600000000001,85.9,4.2949247999999995,42.8,5.9502604,0.0,0.0,38.52,1
917.35,77.756,40.5,2.0579848000000003,96.7,3.8699062000000004,0.0,0.0,26.39,1
920.02,71.11399999999999,92.7,3.4001487999999997,66.6,4.8317904,0.0,0.0,48.22,1
921.8625068,61.40668743,75.15249655,2.550631821,62.95188101,3.070345507,0.0,0.0,21.63027016,0
914.14,71.24,,1.7224438000000002,232.9,2.3264176,0.0,0.0,24.2,1
916.86,79.322,96.2,1.7671826000000002,134.7,2.5724810000000002,0.0,0.0,38.77,1
919.31031,76.06409876,273.1101329,2.0818322830000002,206.15449089999998,2.688532415,0.01766519,23.55358711,20.31695475,0
922.3553592000001,59.81945291,53.39670022,14.1928163,70.52284112,18.02247012,0.0,0.0,19.41309619,0
919.71,43.681999999999995,210.3,5.0107456,225.4,6.576603599999999,0.01,200.0,82.15,1
918.66,57.272,286.3,3.9370144,312.2,5.480503,0.0,0.0,46.56,1
923.5212962000002,71.57442861,40.15437859,4.729387099,64.91751436,6.516347079,0.0,0.0,16.24878385,0
919.46,71.816,56.7,8.813543600000001,74.6,11.162330599999999,0.0,0.0,10.4,0
915.6441391000001,82.33491951,117.9547618,1.5636111869999998,135.19353519999999,2.399074064,0.0,0.0,19.83390259,0
920.396217,72.22044333,226.9929199,3.077606869,249.10191780000002,4.066264993,0.018967556,142.25667180000002,30.43639756,0
916.66,56.336000000000006,179.8,3.579104,203.2,4.272555400000001,0.0,0.0,77.48,1
910.45,47.821999999999996,171.9,14.428263000000001,188.7,18.0744752,0.01,75.0,91.79,1
923.02,60.494,274.7,1.9237683999999997,233.3,2.4382646,0.0,0.0,7.81,0
916.84,55.273999999999994,51.7,4.9436374,71.9,6.241062599999999,0.01,110.0,20.92,1
923.9533868999999,60.14793282,53.81042108,18.69847625,71.07735535,23.37796194,0.0,11.21743411,12.61502537,0
913.65,65.678,166.1,8.8806518,182.0,11.967628999999999,0.0,0.0,42.44,1
919.76,64.814,214.0,4.2949247999999995,232.1,6.129215599999999,0.0,0.0,31.49,1
919.4,79.178,150.1,2.4158952,180.7,3.579104,0.0,0.0,35.4,1
922.6928575999999,62.72707028,60.40558539,7.659790564,76.34713518,9.662589501,0.0,0.0,25.0485079,0
924.79,68.306,56.5,14.987498,77.0,19.617963800000002,0.0,0.0,10.97,0
919.97,64.184,185.5,0.7381901999999999,215.2,1.3197946000000003,0.01,10.0,32.7,1
922.2732645,68.78916785,57.18750785,9.583844486,82.33064212,12.77229459,0.0,0.0,7.522056578,0
918.7,74.444,181.0,0.9171454,127.6,1.342164,0.0,0.0,12.72,0
919.2428130000001,61.44972239999999,259.3089712,1.818527503,256.2185188,2.36309253,0.0,0.0,16.37924091,0
918.8,49.873999999999995,52.0,3.8699062000000004,61.2,4.5633576,0.0,0.0,40.26,1
915.2,59.972,168.0,1.9908766,186.2,2.460634,0.0,0.0,35.92,1
919.5175966,75.62894882,120.84404380000001,2.124286376,121.618577,2.794903847,0.0,0.0,14.1332888,0
919.4,58.406000000000006,40.4,6.6884505999999995,61.6,8.4108944,0.0,0.0,15.02,0
916.54,80.384,99.3,1.0961006000000002,96.8,1.4763803999999998,0.0,0.0,13.22,0
916.16,48.128,183.1,12.8176662,193.5,14.987498,5.272,10725.0,91.49,1
912.0,56.138000000000005,137.3,3.0869772,166.4,3.8475367999999994,0.0,0.0,75.52,1
925.31,57.398,184.9,2.9751302,205.6,3.8475367999999994,0.0,0.0,19.28,1
919.7596179999999,69.77352415,120.20120890000001,3.399158603,161.9183084,5.086765572,0.0,0.0,19.64885314,0
922.6691950999999,,47.94628401,7.969685803,65.77006635,10.26233703,0.0,0.0,18.92080492,0
919.84,65.678,64.9,9.4846256,74.8,10.8715284,0.0,0.0,18.11,0
919.3375546,85.29200269,96.81077943,3.0967619510000004,52.16106896,3.9487820080000002,0.0,0.0,15.33848558,0
917.38,73.616,171.1,5.7936746,179.5,7.0239916,0.0,0.0,38.23,1
919.67,77.57600000000001,171.8,6.554234200000001,191.0,8.164831,0.0,,56.86,1
918.7194145,61.58215525,257.1762621,1.803944447,259.39429959999995,2.352676062,0.0,0.0,17.56666629,0
923.7346151,59.08935014,53.32885125,18.65398595,70.69591319,23.26840357,0.0,11.02488089,12.95577025,0
920.4856087000002,74.19603742,57.17664601,5.557863297000001,73.5074845,6.7139670460000005,0.0,0.0,14.95654426,0
917.7857392000001,69.05672281,48.28813083,12.22183056,63.70593459,15.3325047,0.0,6.029672931,11.98446352,0
923.1404696000001,58.23451934,47.66597606,10.35193421,65.70501845,13.10922539,0.0,0.0,17.21616254,0
917.6,74.12,179.1,2.1474623999999998,190.7,3.467257,0.0,0.0,11.69,1
913.41,63.482,48.4,4.2278166,28.9,4.7870516,0.0,0.0,49.2,1
917.09,55.273999999999994,198.3,6.017368599999999,207.4,6.956883400000001,0.0,0.0,78.2,1
923.1077680999999,60.60163981,51.20851721,17.1888352,64.24735768,22.19571292,0.0,19.34838372,9.175633688,0
915.93,68.19800000000001,186.7,2.0803542,171.9,2.6172197999999995,0.0,0.0,48.84,1
918.08,73.706,169.0,2.8856526000000002,192.0,3.8251673999999998,0.0,0.0,31.5,1
917.0,51.29600000000001,151.7,3.0646077999999997,183.2,4.8541598,0.0,0.0,23.29,1
914.6,62.36600000000001,200.4,1.5882273999999998,235.0,2.1027236,0.0,0.0,86.6,1
918.0,71.312,156.9,2.9527607999999996,183.9,4.1607084,0.0,0.0,35.17,1
917.59,82.67,170.9,3.6014733999999997,183.4,4.7199434,0.0,0.0,13.88,0
923.621726,71.63345648,197.484268,3.901578573,211.23313900000002,5.184552467,0.0,0.0,13.73146399,0
921.5698458999999,61.79127933,62.20611357,8.47833606,78.79493049,10.78090554,0.0,0.0,18.23157557,0
916.2184012,79.51791003,96.74419453,2.200951781,136.2756535,3.2347104260000004,0.0,0.0,13.37053798,0
920.50894,80.98892224,58.90357710000001,9.482313417,78.48237778,11.82181614,0.0,0.0,19.17191747,0
920.0807771,60.96645401,163.7130879,2.7513294719999997,190.116837,3.6450075889999995,0.0,0.0,20.4813089,0
918.6,72.824,186.2,6.3081708,191.8,7.001622200000001,0.0,0.0,22.5,1
915.91,63.986000000000004,17.4,3.8251673999999998,37.8,5.0107456,0.0,0.0,40.97,1
917.01,74.84,254.9,0.8276678,221.0,1.2974252,0.0,0.0,30.45,1
920.74,59.09,180.0,8.992498800000002,194.0,10.7596814,0.08,520.0,35.26,1
912.9,78.332,167.0,7.829289999999999,177.1,9.8872748,0.0,0.0,28.86,1
920.9004345000001,64.14800226,127.7508477,2.635249037,49.35250534,3.310595353,0.0,0.0,16.54056386,0
914.56,76.226,173.3,6.6437118,185.4,8.052984,0.0,0.0,25.84,1
917.3001851,65.7900009,,1.879553141,222.4982256,2.6928623610000004,0.0,0.0,14.97266789,0
913.85,79.736,191.7,3.1093466,207.8,3.9817532,0.0,0.0,21.48,1
915.6,69.584,185.5,4.6304658,198.2,5.480503,0.0,0.0,28.97,1
919.5648687999999,73.72673151,68.70469436,3.551777042,102.5716162,4.861314907,,0.0,11.65731434,0
917.69,64.994,178.3,2.9751302,193.9,3.7356898000000003,0.0,0.0,54.88,1
920.33,68.86399999999999,122.4,2.0356153999999997,182.0,3.0869772,0.0,0.0,52.38,1
918.26,82.22,186.6,1.0961006000000002,221.5,1.7224438000000002,0.0,0.0,32.46,1
911.6,46.346000000000004,110.2,2.3040482000000004,96.1,3.1540854,0.0,0.0,90.51,1
919.2,70.25,156.7,2.013246,172.3,2.6172197999999995,0.0,0.0,42.06,1
923.1,75.596,178.3,1.4092722,205.2,1.8566601999999999,0.0,0.0,11.88,0
917.92,84.65,30.0,4.8317904,40.1,5.8384134,0.0,0.0,16.22,1
913.87,66.938,171.9,6.5094954000000005,182.3,7.471379600000001,0.0,0.0,57.43,1
922.8581101,64.98936079,63.48304689,10.26118718,73.17050393,11.94920569,0.0,0.0,14.52510864,0
925.55,50.918,32.6,5.4133948,57.5,8.1200922,0.0,10.0,29.09,0
920.13,73.292,193.6,4.115969600000001,211.3,4.9660068,0.0,0.0,33.52,1
924.0178563,68.3703069,56.30408293,15.16279989,76.5851168,19.80357757,0.0,0.0,11.59923953,0
917.2,65.264,137.6,1.7671826000000002,176.7,2.5501116,0.0,0.0,58.37,1
916.26,79.77199999999999,185.7,3.5119958,201.5,4.1607084,0.0,0.0,27.68,0
920.8569129000001,69.88433806,47.33596583,12.23866984,66.72916229,16.06785991,0.0,0.0,11.956851499999999,0
916.13,50.108000000000004,211.4,2.5501116,231.8,3.5343652000000003,0.0,0.0,89.8,1
916.32,48.308,46.9,4.8541598,61.7,5.8607828,0.0,0.0,91.03,1
917.13,80.24,183.3,1.6329662,38.5,2.2593094,0.0,0.0,28.26,1
914.84,47.354,190.9,3.7133203999999997,204.4,4.6528352,0.0,0.0,92.3,1
921.26,52.646,261.9,2.0356153999999997,260.5,3.0422384,0.0,0.0,91.11,1
914.0,66.65,173.8,8.366155599999999,181.0,9.4398868,0.0,0.0,30.92,1
912.9,71.87,129.2,1.4316416,160.0,2.0579848000000003,0.0,0.0,51.84,1
915.0,55.04,191.8,5.368656,220.9,7.068730400000001,0.0,0.0,73.55,1
918.9,63.104,192.9,3.8699062000000004,207.3,5.2120702,0.0,0.0,26.02,1
918.71,49.568000000000005,241.6,1.8119214,227.4,2.3711564,0.0,0.0,90.35,1
916.6,71.096,189.3,3.0646077999999997,200.8,3.8922756,0.0,0.0,45.59,1
912.6,58.406000000000006,172.7,3.8251673999999998,189.1,4.7646822,0.0,0.0,64.84,1
921.53,77.702,97.1,3.2659324,125.9,4.4515106,0.0,0.0,14.56,0
